experiment_id,transcript_id,model_name,technique_name,rag_enabled,predicted_ingredient_count,non_hallucinated_count,hallucinated_count
1,1,Llama 3.2 3B Instruct,zero-shot,0,0,0,0
2,2,Llama 3.2 3B Instruct,zero-shot,0,5,4,1
3,3,Llama 3.2 3B Instruct,zero-shot,0,4,0,4
4,4,Llama 3.2 3B Instruct,zero-shot,0,0,0,0
5,5,Llama 3.2 3B Instruct,zero-shot,0,1,0,1
6,6,Llama 3.2 3B Instruct,zero-shot,0,1,0,1
7,7,Llama 3.2 3B Instruct,zero-shot,0,0,0,0
8,8,Llama 3.2 3B Instruct,zero-shot,0,0,0,0
9,9,Llama 3.2 3B Instruct,zero-shot,0,0,0,0
10,10,Llama 3.2 3B Instruct,zero-shot,0,1,1,0
11,11,Llama 3.2 3B Instruct,zero-shot,0,5,0,5
12,12,Llama 3.2 3B Instruct,zero-shot,0,0,0,0
13,13,Llama 3.2 3B Instruct,zero-shot,0,4,0,4
14,14,Llama 3.2 3B Instruct,zero-shot,0,1,0,1
15,15,Llama 3.2 3B Instruct,zero-shot,0,0,0,0
16,16,Llama 3.2 3B Instruct,zero-shot,0,0,0,0
17,17,Llama 3.2 3B Instruct,zero-shot,0,5,0,5
18,18,Llama 3.2 3B Instruct,zero-shot,0,0,0,0
19,19,Llama 3.2 3B Instruct,zero-shot,0,3,0,3
20,20,Llama 3.2 3B Instruct,zero-shot,0,0,0,0
21,21,Llama 3.2 3B Instruct,zero-shot,0,3,0,3
22,22,Llama 3.2 3B Instruct,zero-shot,0,4,4,0
23,23,Llama 3.2 3B Instruct,zero-shot,0,5,2,3
24,24,Llama 3.2 3B Instruct,zero-shot,0,2,2,0
25,25,Llama 3.2 3B Instruct,zero-shot,0,0,0,0
26,26,Llama 3.2 3B Instruct,zero-shot,0,1,0,1
27,27,Llama 3.2 3B Instruct,zero-shot,0,3,1,2
28,28,Llama 3.2 3B Instruct,zero-shot,0,3,3,0
29,29,Llama 3.2 3B Instruct,zero-shot,0,0,0,0
30,30,Llama 3.2 3B Instruct,zero-shot,0,1,0,1
31,31,Llama 3.2 3B Instruct,zero-shot,0,4,3,1
32,32,Llama 3.2 3B Instruct,zero-shot,0,1,0,1
33,33,Llama 3.2 3B Instruct,zero-shot,0,4,3,1
34,34,Llama 3.2 3B Instruct,zero-shot,0,0,0,0
35,35,Llama 3.2 3B Instruct,zero-shot,0,0,0,0
36,36,Llama 3.2 3B Instruct,zero-shot,0,0,0,0
37,37,Llama 3.2 3B Instruct,zero-shot,0,7,1,6
38,38,Llama 3.2 3B Instruct,zero-shot,0,8,6,2
39,39,Llama 3.2 3B Instruct,zero-shot,0,3,3,0
40,40,Llama 3.2 3B Instruct,zero-shot,0,4,2,2
41,41,Llama 3.2 3B Instruct,zero-shot,0,0,0,0
43,43,Llama 3.2 3B Instruct,zero-shot,0,3,2,1
44,44,Llama 3.2 3B Instruct,zero-shot,0,5,5,0
46,46,Llama 3.2 3B Instruct,zero-shot,0,0,0,0
48,48,Llama 3.2 3B Instruct,zero-shot,0,0,0,0
49,49,Llama 3.2 3B Instruct,zero-shot,0,0,0,0
50,50,Llama 3.2 3B Instruct,zero-shot,0,0,0,0
51,1,Llama 3.2 3B Instruct,few-shot,0,2,2,0
52,2,Llama 3.2 3B Instruct,few-shot,0,9,6,3
53,3,Llama 3.2 3B Instruct,few-shot,0,6,6,0
54,4,Llama 3.2 3B Instruct,few-shot,0,10,9,1
55,5,Llama 3.2 3B Instruct,few-shot,0,0,0,0
56,6,Llama 3.2 3B Instruct,few-shot,0,3,3,0
57,7,Llama 3.2 3B Instruct,few-shot,0,5,3,2
58,8,Llama 3.2 3B Instruct,few-shot,0,5,4,1
59,9,Llama 3.2 3B Instruct,few-shot,0,7,6,1
60,10,Llama 3.2 3B Instruct,few-shot,0,6,3,3
61,11,Llama 3.2 3B Instruct,few-shot,0,0,0,0
62,12,Llama 3.2 3B Instruct,few-shot,0,8,7,1
63,13,Llama 3.2 3B Instruct,few-shot,0,6,0,6
64,14,Llama 3.2 3B Instruct,few-shot,0,8,1,7
65,15,Llama 3.2 3B Instruct,few-shot,0,0,0,0
66,16,Llama 3.2 3B Instruct,few-shot,0,6,2,4
67,17,Llama 3.2 3B Instruct,few-shot,0,7,3,4
68,18,Llama 3.2 3B Instruct,few-shot,0,0,0,0
69,19,Llama 3.2 3B Instruct,few-shot,0,5,0,5
70,20,Llama 3.2 3B Instruct,few-shot,0,3,0,3
71,21,Llama 3.2 3B Instruct,few-shot,0,8,5,3
72,22,Llama 3.2 3B Instruct,few-shot,0,8,5,3
73,23,Llama 3.2 3B Instruct,few-shot,0,0,0,0
74,24,Llama 3.2 3B Instruct,few-shot,0,4,2,2
75,25,Llama 3.2 3B Instruct,few-shot,0,6,1,5
76,26,Llama 3.2 3B Instruct,few-shot,0,4,1,3
77,27,Llama 3.2 3B Instruct,few-shot,0,4,1,3
78,28,Llama 3.2 3B Instruct,few-shot,0,4,0,4
79,29,Llama 3.2 3B Instruct,few-shot,0,6,1,5
80,30,Llama 3.2 3B Instruct,few-shot,0,6,3,3
81,31,Llama 3.2 3B Instruct,few-shot,0,4,4,0
82,32,Llama 3.2 3B Instruct,few-shot,0,0,0,0
83,33,Llama 3.2 3B Instruct,few-shot,0,4,3,1
84,34,Llama 3.2 3B Instruct,few-shot,0,3,2,1
85,35,Llama 3.2 3B Instruct,few-shot,0,2,1,1
86,36,Llama 3.2 3B Instruct,few-shot,0,0,0,0
87,37,Llama 3.2 3B Instruct,few-shot,0,0,0,0
88,38,Llama 3.2 3B Instruct,few-shot,0,4,1,3
89,39,Llama 3.2 3B Instruct,few-shot,0,7,6,1
90,40,Llama 3.2 3B Instruct,few-shot,0,3,2,1
91,41,Llama 3.2 3B Instruct,few-shot,0,11,9,2
93,43,Llama 3.2 3B Instruct,few-shot,0,6,5,1
94,44,Llama 3.2 3B Instruct,few-shot,0,9,7,2
96,46,Llama 3.2 3B Instruct,few-shot,0,3,3,0
98,48,Llama 3.2 3B Instruct,few-shot,0,5,4,1
99,49,Llama 3.2 3B Instruct,few-shot,0,0,0,0
100,50,Llama 3.2 3B Instruct,few-shot,0,0,0,0
101,1,Llama 3.2 3B Instruct,chain-of-thought,0,5,3,2
102,2,Llama 3.2 3B Instruct,chain-of-thought,0,0,0,0
103,3,Llama 3.2 3B Instruct,chain-of-thought,0,12,7,5
104,4,Llama 3.2 3B Instruct,chain-of-thought,0,0,0,0
105,5,Llama 3.2 3B Instruct,chain-of-thought,0,0,0,0
106,6,Llama 3.2 3B Instruct,chain-of-thought,0,0,0,0
107,7,Llama 3.2 3B Instruct,chain-of-thought,0,0,0,0
108,8,Llama 3.2 3B Instruct,chain-of-thought,0,0,0,0
109,9,Llama 3.2 3B Instruct,chain-of-thought,0,5,2,3
110,10,Llama 3.2 3B Instruct,chain-of-thought,0,0,0,0
111,11,Llama 3.2 3B Instruct,chain-of-thought,0,0,0,0
112,12,Llama 3.2 3B Instruct,chain-of-thought,0,0,0,0
113,13,Llama 3.2 3B Instruct,chain-of-thought,0,0,0,0
114,14,Llama 3.2 3B Instruct,chain-of-thought,0,0,0,0
115,15,Llama 3.2 3B Instruct,chain-of-thought,0,0,0,0
116,16,Llama 3.2 3B Instruct,chain-of-thought,0,7,2,5
117,17,Llama 3.2 3B Instruct,chain-of-thought,0,0,0,0
118,18,Llama 3.2 3B Instruct,chain-of-thought,0,0,0,0
119,19,Llama 3.2 3B Instruct,chain-of-thought,0,0,0,0
120,20,Llama 3.2 3B Instruct,chain-of-thought,0,0,0,0
121,21,Llama 3.2 3B Instruct,chain-of-thought,0,8,6,2
122,22,Llama 3.2 3B Instruct,chain-of-thought,0,0,0,0
123,23,Llama 3.2 3B Instruct,chain-of-thought,0,0,0,0
124,24,Llama 3.2 3B Instruct,chain-of-thought,0,0,0,0
125,25,Llama 3.2 3B Instruct,chain-of-thought,0,0,0,0
126,26,Llama 3.2 3B Instruct,chain-of-thought,0,0,0,0
127,27,Llama 3.2 3B Instruct,chain-of-thought,0,4,1,3
128,28,Llama 3.2 3B Instruct,chain-of-thought,0,0,0,0
129,29,Llama 3.2 3B Instruct,chain-of-thought,0,5,1,4
130,30,Llama 3.2 3B Instruct,chain-of-thought,0,4,3,1
131,31,Llama 3.2 3B Instruct,chain-of-thought,0,0,0,0
132,32,Llama 3.2 3B Instruct,chain-of-thought,0,0,0,0
133,33,Llama 3.2 3B Instruct,chain-of-thought,0,0,0,0
134,34,Llama 3.2 3B Instruct,chain-of-thought,0,0,0,0
135,35,Llama 3.2 3B Instruct,chain-of-thought,0,0,0,0
136,36,Llama 3.2 3B Instruct,chain-of-thought,0,0,0,0
137,37,Llama 3.2 3B Instruct,chain-of-thought,0,0,0,0
138,38,Llama 3.2 3B Instruct,chain-of-thought,0,0,0,0
139,39,Llama 3.2 3B Instruct,chain-of-thought,0,0,0,0
140,40,Llama 3.2 3B Instruct,chain-of-thought,0,0,0,0
141,41,Llama 3.2 3B Instruct,chain-of-thought,0,0,0,0
143,43,Llama 3.2 3B Instruct,chain-of-thought,0,0,0,0
144,44,Llama 3.2 3B Instruct,chain-of-thought,0,8,5,3
146,46,Llama 3.2 3B Instruct,chain-of-thought,0,0,0,0
148,48,Llama 3.2 3B Instruct,chain-of-thought,0,5,2,3
149,49,Llama 3.2 3B Instruct,chain-of-thought,0,0,0,0
150,50,Llama 3.2 3B Instruct,chain-of-thought,0,8,7,1
151,1,Llama 3.2 3B Instruct,structured-output,0,0,0,0
152,2,Llama 3.2 3B Instruct,structured-output,0,0,0,0
153,3,Llama 3.2 3B Instruct,structured-output,0,0,0,0
154,4,Llama 3.2 3B Instruct,structured-output,0,0,0,0
155,5,Llama 3.2 3B Instruct,structured-output,0,0,0,0
156,6,Llama 3.2 3B Instruct,structured-output,0,0,0,0
157,7,Llama 3.2 3B Instruct,structured-output,0,0,0,0
158,8,Llama 3.2 3B Instruct,structured-output,0,0,0,0
159,9,Llama 3.2 3B Instruct,structured-output,0,0,0,0
160,10,Llama 3.2 3B Instruct,structured-output,0,5,4,1
161,11,Llama 3.2 3B Instruct,structured-output,0,12,9,3
162,12,Llama 3.2 3B Instruct,structured-output,0,0,0,0
163,13,Llama 3.2 3B Instruct,structured-output,0,0,0,0
164,14,Llama 3.2 3B Instruct,structured-output,0,0,0,0
165,15,Llama 3.2 3B Instruct,structured-output,0,0,0,0
166,16,Llama 3.2 3B Instruct,structured-output,0,0,0,0
167,17,Llama 3.2 3B Instruct,structured-output,0,0,0,0
168,18,Llama 3.2 3B Instruct,structured-output,0,8,1,7
169,19,Llama 3.2 3B Instruct,structured-output,0,0,0,0
170,20,Llama 3.2 3B Instruct,structured-output,0,0,0,0
171,21,Llama 3.2 3B Instruct,structured-output,0,0,0,0
172,22,Llama 3.2 3B Instruct,structured-output,0,0,0,0
173,23,Llama 3.2 3B Instruct,structured-output,0,0,0,0
174,24,Llama 3.2 3B Instruct,structured-output,0,6,3,3
175,25,Llama 3.2 3B Instruct,structured-output,0,0,0,0
176,26,Llama 3.2 3B Instruct,structured-output,0,0,0,0
177,27,Llama 3.2 3B Instruct,structured-output,0,0,0,0
178,28,Llama 3.2 3B Instruct,structured-output,0,5,1,4
179,29,Llama 3.2 3B Instruct,structured-output,0,4,0,4
180,30,Llama 3.2 3B Instruct,structured-output,0,3,2,1
181,31,Llama 3.2 3B Instruct,structured-output,0,0,0,0
182,32,Llama 3.2 3B Instruct,structured-output,0,0,0,0
183,33,Llama 3.2 3B Instruct,structured-output,0,0,0,0
184,34,Llama 3.2 3B Instruct,structured-output,0,0,0,0
185,35,Llama 3.2 3B Instruct,structured-output,0,0,0,0
186,36,Llama 3.2 3B Instruct,structured-output,0,0,0,0
187,37,Llama 3.2 3B Instruct,structured-output,0,0,0,0
188,38,Llama 3.2 3B Instruct,structured-output,0,0,0,0
189,39,Llama 3.2 3B Instruct,structured-output,0,6,5,1
190,40,Llama 3.2 3B Instruct,structured-output,0,0,0,0
191,41,Llama 3.2 3B Instruct,structured-output,0,0,0,0
193,43,Llama 3.2 3B Instruct,structured-output,0,0,0,0
194,44,Llama 3.2 3B Instruct,structured-output,0,0,0,0
196,46,Llama 3.2 3B Instruct,structured-output,0,0,0,0
198,48,Llama 3.2 3B Instruct,structured-output,0,0,0,0
199,49,Llama 3.2 3B Instruct,structured-output,0,0,0,0
200,50,Llama 3.2 3B Instruct,structured-output,0,8,7,1
202,1,Phi-4-mini 3.8B Instruct,zero-shot,0,0,0,0
203,2,Phi-4-mini 3.8B Instruct,zero-shot,0,1,0,1
204,3,Phi-4-mini 3.8B Instruct,zero-shot,0,0,0,0
205,4,Phi-4-mini 3.8B Instruct,zero-shot,0,0,0,0
207,6,Phi-4-mini 3.8B Instruct,zero-shot,0,0,0,0
208,7,Phi-4-mini 3.8B Instruct,zero-shot,0,0,0,0
209,8,Phi-4-mini 3.8B Instruct,zero-shot,0,0,0,0
210,9,Phi-4-mini 3.8B Instruct,zero-shot,0,0,0,0
211,10,Phi-4-mini 3.8B Instruct,zero-shot,0,0,0,0
211,10,Phi-4-mini 3.8B Instruct,zero-shot,0,0,0,0
212,11,Phi-4-mini 3.8B Instruct,zero-shot,0,0,0,0
213,12,Phi-4-mini 3.8B Instruct,zero-shot,0,0,0,0
214,13,Phi-4-mini 3.8B Instruct,zero-shot,0,0,0,0
214,13,Phi-4-mini 3.8B Instruct,zero-shot,0,0,0,0
215,14,Phi-4-mini 3.8B Instruct,zero-shot,0,0,0,0
216,15,Phi-4-mini 3.8B Instruct,zero-shot,0,0,0,0
217,16,Phi-4-mini 3.8B Instruct,zero-shot,0,0,0,0
217,16,Phi-4-mini 3.8B Instruct,zero-shot,0,0,0,0
218,17,Phi-4-mini 3.8B Instruct,zero-shot,0,0,0,0
218,17,Phi-4-mini 3.8B Instruct,zero-shot,0,0,0,0
219,18,Phi-4-mini 3.8B Instruct,zero-shot,0,0,0,0
219,18,Phi-4-mini 3.8B Instruct,zero-shot,0,0,0,0
220,19,Phi-4-mini 3.8B Instruct,zero-shot,0,0,0,0
220,19,Phi-4-mini 3.8B Instruct,zero-shot,0,0,0,0
221,20,Phi-4-mini 3.8B Instruct,zero-shot,0,0,0,0
221,20,Phi-4-mini 3.8B Instruct,zero-shot,0,0,0,0
222,21,Phi-4-mini 3.8B Instruct,zero-shot,0,0,0,0
222,21,Phi-4-mini 3.8B Instruct,zero-shot,0,0,0,0
223,22,Phi-4-mini 3.8B Instruct,zero-shot,0,0,0,0
223,22,Phi-4-mini 3.8B Instruct,zero-shot,0,0,0,0
224,23,Phi-4-mini 3.8B Instruct,zero-shot,0,0,0,0
225,24,Phi-4-mini 3.8B Instruct,zero-shot,0,0,0,0
226,25,Phi-4-mini 3.8B Instruct,zero-shot,0,0,0,0
227,26,Phi-4-mini 3.8B Instruct,zero-shot,0,0,0,0
228,27,Phi-4-mini 3.8B Instruct,zero-shot,0,0,0,0
228,27,Phi-4-mini 3.8B Instruct,zero-shot,0,0,0,0
229,28,Phi-4-mini 3.8B Instruct,zero-shot,0,0,0,0
230,29,Phi-4-mini 3.8B Instruct,zero-shot,0,0,0,0
231,30,Phi-4-mini 3.8B Instruct,zero-shot,0,0,0,0
232,31,Phi-4-mini 3.8B Instruct,zero-shot,0,0,0,0
233,32,Phi-4-mini 3.8B Instruct,zero-shot,0,0,0,0
234,33,Phi-4-mini 3.8B Instruct,zero-shot,0,0,0,0
235,34,Phi-4-mini 3.8B Instruct,zero-shot,0,0,0,0
236,35,Phi-4-mini 3.8B Instruct,zero-shot,0,0,0,0
237,36,Phi-4-mini 3.8B Instruct,zero-shot,0,0,0,0
237,36,Phi-4-mini 3.8B Instruct,zero-shot,0,0,0,0
238,37,Phi-4-mini 3.8B Instruct,zero-shot,0,0,0,0
238,37,Phi-4-mini 3.8B Instruct,zero-shot,0,0,0,0
239,38,Phi-4-mini 3.8B Instruct,zero-shot,0,0,0,0
239,38,Phi-4-mini 3.8B Instruct,zero-shot,0,0,0,0
240,39,Phi-4-mini 3.8B Instruct,zero-shot,0,0,0,0
240,39,Phi-4-mini 3.8B Instruct,zero-shot,0,0,0,0
241,40,Phi-4-mini 3.8B Instruct,zero-shot,0,0,0,0
241,40,Phi-4-mini 3.8B Instruct,zero-shot,0,0,0,0
242,41,Phi-4-mini 3.8B Instruct,zero-shot,0,0,0,0
242,41,Phi-4-mini 3.8B Instruct,zero-shot,0,0,0,0
244,43,Phi-4-mini 3.8B Instruct,zero-shot,0,0,0,0
245,44,Phi-4-mini 3.8B Instruct,zero-shot,0,0,0,0
247,46,Phi-4-mini 3.8B Instruct,zero-shot,0,0,0,0
249,48,Phi-4-mini 3.8B Instruct,zero-shot,0,0,0,0
249,48,Phi-4-mini 3.8B Instruct,zero-shot,0,0,0,0
250,49,Phi-4-mini 3.8B Instruct,zero-shot,0,0,0,0
251,50,Phi-4-mini 3.8B Instruct,zero-shot,0,0,0,0
252,1,Phi-4-mini 3.8B Instruct,few-shot,0,0,0,0
253,2,Phi-4-mini 3.8B Instruct,few-shot,0,0,0,0
254,3,Phi-4-mini 3.8B Instruct,few-shot,0,0,0,0
255,4,Phi-4-mini 3.8B Instruct,few-shot,0,0,0,0
256,5,Phi-4-mini 3.8B Instruct,few-shot,0,0,0,0
257,6,Phi-4-mini 3.8B Instruct,few-shot,0,0,0,0
258,7,Phi-4-mini 3.8B Instruct,few-shot,0,0,0,0
259,8,Phi-4-mini 3.8B Instruct,few-shot,0,0,0,0
260,9,Phi-4-mini 3.8B Instruct,few-shot,0,0,0,0
261,10,Phi-4-mini 3.8B Instruct,few-shot,0,0,0,0
262,11,Phi-4-mini 3.8B Instruct,few-shot,0,0,0,0
263,12,Phi-4-mini 3.8B Instruct,few-shot,0,0,0,0
264,13,Phi-4-mini 3.8B Instruct,few-shot,0,0,0,0
265,14,Phi-4-mini 3.8B Instruct,few-shot,0,0,0,0
266,15,Phi-4-mini 3.8B Instruct,few-shot,0,0,0,0
267,16,Phi-4-mini 3.8B Instruct,few-shot,0,0,0,0
268,17,Phi-4-mini 3.8B Instruct,few-shot,0,0,0,0
269,18,Phi-4-mini 3.8B Instruct,few-shot,0,0,0,0
270,19,Phi-4-mini 3.8B Instruct,few-shot,0,0,0,0
271,20,Phi-4-mini 3.8B Instruct,few-shot,0,0,0,0
272,21,Phi-4-mini 3.8B Instruct,few-shot,0,0,0,0
273,22,Phi-4-mini 3.8B Instruct,few-shot,0,0,0,0
274,23,Phi-4-mini 3.8B Instruct,few-shot,0,0,0,0
275,24,Phi-4-mini 3.8B Instruct,few-shot,0,0,0,0
276,25,Phi-4-mini 3.8B Instruct,few-shot,0,0,0,0
277,26,Phi-4-mini 3.8B Instruct,few-shot,0,0,0,0
278,27,Phi-4-mini 3.8B Instruct,few-shot,0,0,0,0
279,28,Phi-4-mini 3.8B Instruct,few-shot,0,0,0,0
280,29,Phi-4-mini 3.8B Instruct,few-shot,0,0,0,0
281,30,Phi-4-mini 3.8B Instruct,few-shot,0,0,0,0
282,31,Phi-4-mini 3.8B Instruct,few-shot,0,0,0,0
283,32,Phi-4-mini 3.8B Instruct,few-shot,0,0,0,0
284,33,Phi-4-mini 3.8B Instruct,few-shot,0,0,0,0
285,34,Phi-4-mini 3.8B Instruct,few-shot,0,0,0,0
286,35,Phi-4-mini 3.8B Instruct,few-shot,0,0,0,0
287,36,Phi-4-mini 3.8B Instruct,few-shot,0,0,0,0
288,37,Phi-4-mini 3.8B Instruct,few-shot,0,0,0,0
289,38,Phi-4-mini 3.8B Instruct,few-shot,0,0,0,0
290,39,Phi-4-mini 3.8B Instruct,few-shot,0,0,0,0
291,40,Phi-4-mini 3.8B Instruct,few-shot,0,0,0,0
292,41,Phi-4-mini 3.8B Instruct,few-shot,0,0,0,0
294,43,Phi-4-mini 3.8B Instruct,few-shot,0,0,0,0
295,44,Phi-4-mini 3.8B Instruct,few-shot,0,0,0,0
297,46,Phi-4-mini 3.8B Instruct,few-shot,0,0,0,0
299,48,Phi-4-mini 3.8B Instruct,few-shot,0,0,0,0
300,49,Phi-4-mini 3.8B Instruct,few-shot,0,0,0,0
301,50,Phi-4-mini 3.8B Instruct,few-shot,0,0,0,0
302,1,Phi-4-mini 3.8B Instruct,chain-of-thought,0,0,0,0
303,2,Phi-4-mini 3.8B Instruct,chain-of-thought,0,0,0,0
304,3,Phi-4-mini 3.8B Instruct,chain-of-thought,0,0,0,0
305,4,Phi-4-mini 3.8B Instruct,chain-of-thought,0,0,0,0
306,5,Phi-4-mini 3.8B Instruct,chain-of-thought,0,0,0,0
307,6,Phi-4-mini 3.8B Instruct,chain-of-thought,0,0,0,0
308,7,Phi-4-mini 3.8B Instruct,chain-of-thought,0,0,0,0
309,8,Phi-4-mini 3.8B Instruct,chain-of-thought,0,0,0,0
310,9,Phi-4-mini 3.8B Instruct,chain-of-thought,0,0,0,0
311,10,Phi-4-mini 3.8B Instruct,chain-of-thought,0,0,0,0
312,11,Phi-4-mini 3.8B Instruct,chain-of-thought,0,0,0,0
313,12,Phi-4-mini 3.8B Instruct,chain-of-thought,0,0,0,0
314,13,Phi-4-mini 3.8B Instruct,chain-of-thought,0,0,0,0
315,14,Phi-4-mini 3.8B Instruct,chain-of-thought,0,0,0,0
316,15,Phi-4-mini 3.8B Instruct,chain-of-thought,0,0,0,0
317,16,Phi-4-mini 3.8B Instruct,chain-of-thought,0,0,0,0
318,17,Phi-4-mini 3.8B Instruct,chain-of-thought,0,0,0,0
319,18,Phi-4-mini 3.8B Instruct,chain-of-thought,0,0,0,0
320,19,Phi-4-mini 3.8B Instruct,chain-of-thought,0,0,0,0
321,20,Phi-4-mini 3.8B Instruct,chain-of-thought,0,0,0,0
322,21,Phi-4-mini 3.8B Instruct,chain-of-thought,0,0,0,0
323,22,Phi-4-mini 3.8B Instruct,chain-of-thought,0,0,0,0
324,23,Phi-4-mini 3.8B Instruct,chain-of-thought,0,0,0,0
325,24,Phi-4-mini 3.8B Instruct,chain-of-thought,0,0,0,0
326,25,Phi-4-mini 3.8B Instruct,chain-of-thought,0,0,0,0
327,26,Phi-4-mini 3.8B Instruct,chain-of-thought,0,0,0,0
328,27,Phi-4-mini 3.8B Instruct,chain-of-thought,0,0,0,0
329,28,Phi-4-mini 3.8B Instruct,chain-of-thought,0,0,0,0
330,29,Phi-4-mini 3.8B Instruct,chain-of-thought,0,0,0,0
331,30,Phi-4-mini 3.8B Instruct,chain-of-thought,0,0,0,0
332,31,Phi-4-mini 3.8B Instruct,chain-of-thought,0,0,0,0
333,32,Phi-4-mini 3.8B Instruct,chain-of-thought,0,0,0,0
334,33,Phi-4-mini 3.8B Instruct,chain-of-thought,0,0,0,0
335,34,Phi-4-mini 3.8B Instruct,chain-of-thought,0,0,0,0
336,35,Phi-4-mini 3.8B Instruct,chain-of-thought,0,0,0,0
337,36,Phi-4-mini 3.8B Instruct,chain-of-thought,0,0,0,0
338,37,Phi-4-mini 3.8B Instruct,chain-of-thought,0,0,0,0
339,38,Phi-4-mini 3.8B Instruct,chain-of-thought,0,0,0,0
340,39,Phi-4-mini 3.8B Instruct,chain-of-thought,0,0,0,0
341,40,Phi-4-mini 3.8B Instruct,chain-of-thought,0,0,0,0
342,41,Phi-4-mini 3.8B Instruct,chain-of-thought,0,0,0,0
344,43,Phi-4-mini 3.8B Instruct,chain-of-thought,0,0,0,0
345,44,Phi-4-mini 3.8B Instruct,chain-of-thought,0,0,0,0
347,46,Phi-4-mini 3.8B Instruct,chain-of-thought,0,0,0,0
349,48,Phi-4-mini 3.8B Instruct,chain-of-thought,0,0,0,0
350,49,Phi-4-mini 3.8B Instruct,chain-of-thought,0,0,0,0
351,50,Phi-4-mini 3.8B Instruct,chain-of-thought,0,0,0,0
352,1,Phi-4-mini 3.8B Instruct,structured-output,0,0,0,0
353,2,Phi-4-mini 3.8B Instruct,structured-output,0,0,0,0
354,3,Phi-4-mini 3.8B Instruct,structured-output,0,0,0,0
355,4,Phi-4-mini 3.8B Instruct,structured-output,0,0,0,0
356,5,Phi-4-mini 3.8B Instruct,structured-output,0,0,0,0
357,6,Phi-4-mini 3.8B Instruct,structured-output,0,0,0,0
358,7,Phi-4-mini 3.8B Instruct,structured-output,0,0,0,0
359,8,Phi-4-mini 3.8B Instruct,structured-output,0,0,0,0
360,9,Phi-4-mini 3.8B Instruct,structured-output,0,0,0,0
361,10,Phi-4-mini 3.8B Instruct,structured-output,0,0,0,0
362,11,Phi-4-mini 3.8B Instruct,structured-output,0,0,0,0
363,12,Phi-4-mini 3.8B Instruct,structured-output,0,0,0,0
364,13,Phi-4-mini 3.8B Instruct,structured-output,0,0,0,0
365,14,Phi-4-mini 3.8B Instruct,structured-output,0,0,0,0
366,15,Phi-4-mini 3.8B Instruct,structured-output,0,0,0,0
367,16,Phi-4-mini 3.8B Instruct,structured-output,0,0,0,0
368,17,Phi-4-mini 3.8B Instruct,structured-output,0,0,0,0
369,18,Phi-4-mini 3.8B Instruct,structured-output,0,0,0,0
370,19,Phi-4-mini 3.8B Instruct,structured-output,0,0,0,0
371,20,Phi-4-mini 3.8B Instruct,structured-output,0,0,0,0
372,21,Phi-4-mini 3.8B Instruct,structured-output,0,0,0,0
373,22,Phi-4-mini 3.8B Instruct,structured-output,0,0,0,0
374,23,Phi-4-mini 3.8B Instruct,structured-output,0,0,0,0
375,24,Phi-4-mini 3.8B Instruct,structured-output,0,0,0,0
376,25,Phi-4-mini 3.8B Instruct,structured-output,0,0,0,0
377,26,Phi-4-mini 3.8B Instruct,structured-output,0,0,0,0
378,27,Phi-4-mini 3.8B Instruct,structured-output,0,0,0,0
379,28,Phi-4-mini 3.8B Instruct,structured-output,0,0,0,0
380,29,Phi-4-mini 3.8B Instruct,structured-output,0,0,0,0
381,30,Phi-4-mini 3.8B Instruct,structured-output,0,0,0,0
382,31,Phi-4-mini 3.8B Instruct,structured-output,0,0,0,0
383,32,Phi-4-mini 3.8B Instruct,structured-output,0,0,0,0
384,33,Phi-4-mini 3.8B Instruct,structured-output,0,0,0,0
385,34,Phi-4-mini 3.8B Instruct,structured-output,0,0,0,0
386,35,Phi-4-mini 3.8B Instruct,structured-output,0,0,0,0
387,36,Phi-4-mini 3.8B Instruct,structured-output,0,0,0,0
388,37,Phi-4-mini 3.8B Instruct,structured-output,0,0,0,0
389,38,Phi-4-mini 3.8B Instruct,structured-output,0,0,0,0
390,39,Phi-4-mini 3.8B Instruct,structured-output,0,0,0,0
391,40,Phi-4-mini 3.8B Instruct,structured-output,0,0,0,0
392,41,Phi-4-mini 3.8B Instruct,structured-output,0,0,0,0
394,43,Phi-4-mini 3.8B Instruct,structured-output,0,0,0,0
395,44,Phi-4-mini 3.8B Instruct,structured-output,0,0,0,0
397,46,Phi-4-mini 3.8B Instruct,structured-output,0,0,0,0
399,48,Phi-4-mini 3.8B Instruct,structured-output,0,0,0,0
400,49,Phi-4-mini 3.8B Instruct,structured-output,0,0,0,0
401,50,Phi-4-mini 3.8B Instruct,structured-output,0,0,0,0
402,1,Qwen 2.5 3B Instruct,zero-shot,0,0,0,0
403,2,Qwen 2.5 3B Instruct,zero-shot,0,0,0,0
404,3,Qwen 2.5 3B Instruct,zero-shot,0,1,0,1
405,4,Qwen 2.5 3B Instruct,zero-shot,0,0,0,0
406,5,Qwen 2.5 3B Instruct,zero-shot,0,0,0,0
407,6,Qwen 2.5 3B Instruct,zero-shot,0,1,1,0
408,7,Qwen 2.5 3B Instruct,zero-shot,0,1,0,1
409,8,Qwen 2.5 3B Instruct,zero-shot,0,12,10,2
410,9,Qwen 2.5 3B Instruct,zero-shot,0,5,3,2
411,10,Qwen 2.5 3B Instruct,zero-shot,0,1,1,0
412,11,Qwen 2.5 3B Instruct,zero-shot,0,7,0,7
413,12,Qwen 2.5 3B Instruct,zero-shot,0,0,0,0
414,13,Qwen 2.5 3B Instruct,zero-shot,0,5,0,5
415,14,Qwen 2.5 3B Instruct,zero-shot,0,0,0,0
416,15,Qwen 2.5 3B Instruct,zero-shot,0,0,0,0
417,16,Qwen 2.5 3B Instruct,zero-shot,0,9,2,7
418,17,Qwen 2.5 3B Instruct,zero-shot,0,0,0,0
419,18,Qwen 2.5 3B Instruct,zero-shot,0,0,0,0
420,19,Qwen 2.5 3B Instruct,zero-shot,0,12,2,10
421,20,Qwen 2.5 3B Instruct,zero-shot,0,4,1,3
422,21,Qwen 2.5 3B Instruct,zero-shot,0,1,0,1
423,22,Qwen 2.5 3B Instruct,zero-shot,0,0,0,0
424,23,Qwen 2.5 3B Instruct,zero-shot,0,0,0,0
425,1,Qwen 2.5 3B Instruct,few-shot,0,0,0,0
426,2,Qwen 2.5 3B Instruct,few-shot,0,0,0,0
427,1,Gemma-SEA-LION v4 4B,zero-shot,0,9,7,2
428,2,Gemma-SEA-LION v4 4B,zero-shot,0,0,0,0
429,3,Gemma-SEA-LION v4 4B,zero-shot,0,0,0,0
430,4,Gemma-SEA-LION v4 4B,zero-shot,0,0,0,0
431,5,Gemma-SEA-LION v4 4B,zero-shot,0,0,0,0
432,6,Gemma-SEA-LION v4 4B,zero-shot,0,5,5,0
433,3,Qwen 2.5 3B Instruct,few-shot,0,7,6,1
434,7,Gemma-SEA-LION v4 4B,zero-shot,0,0,0,0
435,8,Gemma-SEA-LION v4 4B,zero-shot,0,0,0,0
436,9,Gemma-SEA-LION v4 4B,zero-shot,0,7,5,2
437,10,Gemma-SEA-LION v4 4B,zero-shot,0,6,3,3
438,11,Gemma-SEA-LION v4 4B,zero-shot,0,0,0,0
439,12,Gemma-SEA-LION v4 4B,zero-shot,0,0,0,0
440,4,Qwen 2.5 3B Instruct,few-shot,0,0,0,0
441,13,Gemma-SEA-LION v4 4B,zero-shot,0,0,0,0
442,14,Gemma-SEA-LION v4 4B,zero-shot,0,0,0,0
443,15,Gemma-SEA-LION v4 4B,zero-shot,0,10,3,7
444,16,Gemma-SEA-LION v4 4B,zero-shot,0,9,3,6
445,17,Gemma-SEA-LION v4 4B,zero-shot,0,0,0,0
446,18,Gemma-SEA-LION v4 4B,zero-shot,0,10,1,9
447,5,Qwen 2.5 3B Instruct,few-shot,0,0,0,0
448,19,Gemma-SEA-LION v4 4B,zero-shot,0,0,0,0
449,20,Gemma-SEA-LION v4 4B,zero-shot,0,7,1,6
450,21,Gemma-SEA-LION v4 4B,zero-shot,0,9,7,2
451,22,Gemma-SEA-LION v4 4B,zero-shot,0,0,0,0
452,23,Gemma-SEA-LION v4 4B,zero-shot,0,0,0,0
453,24,Gemma-SEA-LION v4 4B,zero-shot,0,3,3,0
454,25,Gemma-SEA-LION v4 4B,zero-shot,0,0,0,0
455,6,Qwen 2.5 3B Instruct,few-shot,0,4,4,0
456,26,Gemma-SEA-LION v4 4B,zero-shot,0,0,0,0
457,27,Gemma-SEA-LION v4 4B,zero-shot,0,6,1,5
458,28,Gemma-SEA-LION v4 4B,zero-shot,0,4,1,3
459,29,Gemma-SEA-LION v4 4B,zero-shot,0,7,1,6
460,30,Gemma-SEA-LION v4 4B,zero-shot,0,4,3,1
461,31,Gemma-SEA-LION v4 4B,zero-shot,0,6,3,3
462,32,Gemma-SEA-LION v4 4B,zero-shot,0,7,7,0
463,33,Gemma-SEA-LION v4 4B,zero-shot,0,4,2,2
464,34,Gemma-SEA-LION v4 4B,zero-shot,0,0,0,0
465,35,Gemma-SEA-LION v4 4B,zero-shot,0,0,0,0
466,7,Qwen 2.5 3B Instruct,few-shot,0,4,2,2
467,36,Gemma-SEA-LION v4 4B,zero-shot,0,0,0,0
468,37,Gemma-SEA-LION v4 4B,zero-shot,0,8,7,1
469,38,Gemma-SEA-LION v4 4B,zero-shot,0,8,7,1
470,39,Gemma-SEA-LION v4 4B,zero-shot,0,7,5,2
471,40,Gemma-SEA-LION v4 4B,zero-shot,0,0,0,0
472,41,Gemma-SEA-LION v4 4B,zero-shot,0,8,7,1
474,43,Gemma-SEA-LION v4 4B,zero-shot,0,0,0,0
475,44,Gemma-SEA-LION v4 4B,zero-shot,0,0,0,0
477,46,Gemma-SEA-LION v4 4B,zero-shot,0,0,0,0
478,8,Qwen 2.5 3B Instruct,few-shot,0,0,0,0
480,48,Gemma-SEA-LION v4 4B,zero-shot,0,8,7,1
481,49,Gemma-SEA-LION v4 4B,zero-shot,0,10,7,3
482,50,Gemma-SEA-LION v4 4B,zero-shot,0,9,8,1
483,1,Gemma-SEA-LION v4 4B,few-shot,0,0,0,0
484,2,Gemma-SEA-LION v4 4B,few-shot,0,0,0,0
485,3,Gemma-SEA-LION v4 4B,few-shot,0,0,0,0
486,4,Gemma-SEA-LION v4 4B,few-shot,0,0,0,0
487,5,Gemma-SEA-LION v4 4B,few-shot,0,0,0,0
488,6,Gemma-SEA-LION v4 4B,few-shot,0,5,4,1
489,7,Gemma-SEA-LION v4 4B,few-shot,0,8,7,1
490,8,Gemma-SEA-LION v4 4B,few-shot,0,0,0,0
491,9,Gemma-SEA-LION v4 4B,few-shot,0,9,7,2
492,10,Gemma-SEA-LION v4 4B,few-shot,0,5,4,1
493,11,Gemma-SEA-LION v4 4B,few-shot,0,0,0,0
494,9,Qwen 2.5 3B Instruct,few-shot,0,6,3,3
495,12,Gemma-SEA-LION v4 4B,few-shot,0,0,0,0
496,13,Gemma-SEA-LION v4 4B,few-shot,0,0,0,0
497,14,Gemma-SEA-LION v4 4B,few-shot,0,0,0,0
498,15,Gemma-SEA-LION v4 4B,few-shot,0,0,0,0
499,16,Gemma-SEA-LION v4 4B,few-shot,0,9,2,7
500,17,Gemma-SEA-LION v4 4B,few-shot,0,0,0,0
501,18,Gemma-SEA-LION v4 4B,few-shot,0,8,2,6
502,19,Gemma-SEA-LION v4 4B,few-shot,0,0,0,0
503,1,Gemma-SEA-LION v4 4B,chain-of-thought,0,10,7,3
504,20,Gemma-SEA-LION v4 4B,few-shot,0,8,2,6
505,2,Gemma-SEA-LION v4 4B,chain-of-thought,0,0,0,0
506,21,Gemma-SEA-LION v4 4B,few-shot,0,9,7,2
507,3,Gemma-SEA-LION v4 4B,chain-of-thought,0,0,0,0
508,22,Gemma-SEA-LION v4 4B,few-shot,0,0,0,0
509,4,Gemma-SEA-LION v4 4B,chain-of-thought,0,0,0,0
510,23,Gemma-SEA-LION v4 4B,few-shot,0,0,0,0
511,5,Gemma-SEA-LION v4 4B,chain-of-thought,0,0,0,0
512,24,Gemma-SEA-LION v4 4B,few-shot,0,0,0,0
513,6,Gemma-SEA-LION v4 4B,chain-of-thought,0,5,4,1
514,10,Qwen 2.5 3B Instruct,few-shot,0,5,2,3
515,25,Gemma-SEA-LION v4 4B,few-shot,0,0,0,0
516,7,Gemma-SEA-LION v4 4B,chain-of-thought,0,0,0,0
517,26,Gemma-SEA-LION v4 4B,few-shot,0,4,1,3
518,8,Gemma-SEA-LION v4 4B,chain-of-thought,0,0,0,0
519,27,Gemma-SEA-LION v4 4B,few-shot,0,4,1,3
520,9,Gemma-SEA-LION v4 4B,chain-of-thought,0,9,7,2
521,28,Gemma-SEA-LION v4 4B,few-shot,0,4,1,3
522,10,Gemma-SEA-LION v4 4B,chain-of-thought,0,6,3,3
523,29,Gemma-SEA-LION v4 4B,few-shot,0,0,0,0
524,11,Gemma-SEA-LION v4 4B,chain-of-thought,0,0,0,0
525,30,Gemma-SEA-LION v4 4B,few-shot,0,3,3,0
526,12,Gemma-SEA-LION v4 4B,chain-of-thought,0,0,0,0
527,31,Gemma-SEA-LION v4 4B,few-shot,0,6,3,3
528,13,Gemma-SEA-LION v4 4B,chain-of-thought,0,0,0,0
529,32,Gemma-SEA-LION v4 4B,few-shot,0,9,8,1
530,14,Gemma-SEA-LION v4 4B,chain-of-thought,0,0,0,0
531,33,Gemma-SEA-LION v4 4B,few-shot,0,4,2,2
532,15,Gemma-SEA-LION v4 4B,chain-of-thought,0,0,0,0
533,34,Gemma-SEA-LION v4 4B,few-shot,0,0,0,0
534,16,Gemma-SEA-LION v4 4B,chain-of-thought,0,9,3,6
535,11,Qwen 2.5 3B Instruct,few-shot,0,0,0,0
536,35,Gemma-SEA-LION v4 4B,few-shot,0,8,8,0
537,17,Gemma-SEA-LION v4 4B,chain-of-thought,0,0,0,0
538,36,Gemma-SEA-LION v4 4B,few-shot,0,0,0,0
539,18,Gemma-SEA-LION v4 4B,chain-of-thought,0,0,0,0
540,37,Gemma-SEA-LION v4 4B,few-shot,0,7,7,0
541,19,Gemma-SEA-LION v4 4B,chain-of-thought,0,0,0,0
542,38,Gemma-SEA-LION v4 4B,few-shot,0,8,8,0
543,20,Gemma-SEA-LION v4 4B,chain-of-thought,0,7,2,5
544,39,Gemma-SEA-LION v4 4B,few-shot,0,8,7,1
545,21,Gemma-SEA-LION v4 4B,chain-of-thought,0,0,0,0
546,40,Gemma-SEA-LION v4 4B,few-shot,0,0,0,0
547,22,Gemma-SEA-LION v4 4B,chain-of-thought,0,0,0,0
548,41,Gemma-SEA-LION v4 4B,few-shot,0,8,8,0
549,23,Gemma-SEA-LION v4 4B,chain-of-thought,0,0,0,0
550,1,Gemma-SEA-LION v4 4B,structured-output,0,0,0,0
552,43,Gemma-SEA-LION v4 4B,few-shot,0,0,0,0
553,24,Gemma-SEA-LION v4 4B,chain-of-thought,0,3,2,1
554,2,Gemma-SEA-LION v4 4B,structured-output,0,0,0,0
555,44,Gemma-SEA-LION v4 4B,few-shot,0,0,0,0
556,25,Gemma-SEA-LION v4 4B,chain-of-thought,0,0,0,0
557,3,Gemma-SEA-LION v4 4B,structured-output,0,0,0,0
559,46,Gemma-SEA-LION v4 4B,few-shot,0,8,7,1
560,26,Gemma-SEA-LION v4 4B,chain-of-thought,0,6,2,4
561,4,Gemma-SEA-LION v4 4B,structured-output,0,0,0,0
563,48,Gemma-SEA-LION v4 4B,few-shot,0,9,9,0
564,27,Gemma-SEA-LION v4 4B,chain-of-thought,0,6,1,5
565,5,Gemma-SEA-LION v4 4B,structured-output,0,0,0,0
566,49,Gemma-SEA-LION v4 4B,few-shot,0,10,8,2
567,28,Gemma-SEA-LION v4 4B,chain-of-thought,0,4,1,3
568,6,Gemma-SEA-LION v4 4B,structured-output,0,5,4,1
569,50,Gemma-SEA-LION v4 4B,few-shot,0,9,8,1
570,29,Gemma-SEA-LION v4 4B,chain-of-thought,0,7,1,6
571,7,Gemma-SEA-LION v4 4B,structured-output,0,0,0,0
572,1,MedGemma 4B,zero-shot,0,0,0,0
573,30,Gemma-SEA-LION v4 4B,chain-of-thought,0,4,3,1
574,8,Gemma-SEA-LION v4 4B,structured-output,0,0,0,0
575,31,Gemma-SEA-LION v4 4B,chain-of-thought,0,7,4,3
576,9,Gemma-SEA-LION v4 4B,structured-output,0,10,8,2
577,32,Gemma-SEA-LION v4 4B,chain-of-thought,0,9,7,2
578,10,Gemma-SEA-LION v4 4B,structured-output,0,6,3,3
579,33,Gemma-SEA-LION v4 4B,chain-of-thought,0,4,4,0
580,11,Gemma-SEA-LION v4 4B,structured-output,0,0,0,0
581,34,Gemma-SEA-LION v4 4B,chain-of-thought,0,0,0,0
582,12,Gemma-SEA-LION v4 4B,structured-output,0,0,0,0
583,35,Gemma-SEA-LION v4 4B,chain-of-thought,0,8,8,0
584,13,Gemma-SEA-LION v4 4B,structured-output,0,0,0,0
585,36,Gemma-SEA-LION v4 4B,chain-of-thought,0,0,0,0
586,14,Gemma-SEA-LION v4 4B,structured-output,0,0,0,0
587,37,Gemma-SEA-LION v4 4B,chain-of-thought,0,0,0,0
588,15,Gemma-SEA-LION v4 4B,structured-output,0,0,0,0
589,38,Gemma-SEA-LION v4 4B,chain-of-thought,0,0,0,0
590,16,Gemma-SEA-LION v4 4B,structured-output,0,0,0,0
591,39,Gemma-SEA-LION v4 4B,chain-of-thought,0,8,6,2
592,17,Gemma-SEA-LION v4 4B,structured-output,0,0,0,0
593,40,Gemma-SEA-LION v4 4B,chain-of-thought,0,0,0,0
594,18,Gemma-SEA-LION v4 4B,structured-output,0,0,0,0
595,41,Gemma-SEA-LION v4 4B,chain-of-thought,0,8,6,2
596,19,Gemma-SEA-LION v4 4B,structured-output,0,0,0,0
598,43,Gemma-SEA-LION v4 4B,chain-of-thought,0,0,0,0
599,20,Gemma-SEA-LION v4 4B,structured-output,0,8,2,6
600,44,Gemma-SEA-LION v4 4B,chain-of-thought,0,0,0,0
601,21,Gemma-SEA-LION v4 4B,structured-output,0,0,0,0
602,2,MedGemma 4B,zero-shot,0,0,0,0
604,46,Gemma-SEA-LION v4 4B,chain-of-thought,0,8,7,1
605,22,Gemma-SEA-LION v4 4B,structured-output,0,0,0,0
607,48,Gemma-SEA-LION v4 4B,chain-of-thought,0,7,6,1
608,23,Gemma-SEA-LION v4 4B,structured-output,0,0,0,0
609,49,Gemma-SEA-LION v4 4B,chain-of-thought,0,10,7,3
610,24,Gemma-SEA-LION v4 4B,structured-output,0,0,0,0
611,50,Gemma-SEA-LION v4 4B,chain-of-thought,0,9,8,1
612,25,Gemma-SEA-LION v4 4B,structured-output,0,8,2,6
613,26,Gemma-SEA-LION v4 4B,structured-output,0,8,1,7
614,27,Gemma-SEA-LION v4 4B,structured-output,0,0,0,0
615,28,Gemma-SEA-LION v4 4B,structured-output,0,5,1,4
616,29,Gemma-SEA-LION v4 4B,structured-output,0,9,1,8
617,30,Gemma-SEA-LION v4 4B,structured-output,0,4,4,0
618,31,Gemma-SEA-LION v4 4B,structured-output,0,7,3,4
619,32,Gemma-SEA-LION v4 4B,structured-output,0,9,7,2
620,33,Gemma-SEA-LION v4 4B,structured-output,0,4,4,0
621,34,Gemma-SEA-LION v4 4B,structured-output,0,0,0,0
622,35,Gemma-SEA-LION v4 4B,structured-output,0,0,0,0
623,36,Gemma-SEA-LION v4 4B,structured-output,0,0,0,0
624,37,Gemma-SEA-LION v4 4B,structured-output,0,8,8,0
625,38,Gemma-SEA-LION v4 4B,structured-output,0,0,0,0
626,39,Gemma-SEA-LION v4 4B,structured-output,0,0,0,0
627,40,Gemma-SEA-LION v4 4B,structured-output,0,0,0,0
628,41,Gemma-SEA-LION v4 4B,structured-output,0,0,0,0
630,43,Gemma-SEA-LION v4 4B,structured-output,0,0,0,0
631,3,MedGemma 4B,zero-shot,0,10,10,0
632,44,Gemma-SEA-LION v4 4B,structured-output,0,0,0,0
634,46,Gemma-SEA-LION v4 4B,structured-output,0,0,0,0
636,48,Gemma-SEA-LION v4 4B,structured-output,0,9,8,1
637,49,Gemma-SEA-LION v4 4B,structured-output,0,10,8,2
638,50,Gemma-SEA-LION v4 4B,structured-output,0,9,8,1
639,4,MedGemma 4B,zero-shot,0,0,0,0
640,1,MedGemma 4B,few-shot,0,0,0,0
641,1,MedGemma 4B,chain-of-thought,0,0,0,0
642,1,MedGemma 4B,structured-output,0,0,0,0
643,1,Qwen 2.5 3B Instruct,chain-of-thought,0,10,5,5
644,1,Qwen 2.5 3B Instruct,structured-output,0,10,6,4
645,12,Qwen 2.5 3B Instruct,few-shot,0,0,0,0
646,5,MedGemma 4B,zero-shot,0,0,0,0
647,6,MedGemma 4B,zero-shot,0,6,4,2
648,2,Qwen 2.5 3B Instruct,chain-of-thought,0,6,4,2
649,2,MedGemma 4B,few-shot,0,0,0,0
650,2,Qwen 2.5 3B Instruct,structured-output,0,0,0,0
651,7,MedGemma 4B,zero-shot,0,0,0,0
652,3,Qwen 2.5 3B Instruct,chain-of-thought,0,11,9,2
653,3,MedGemma 4B,few-shot,0,0,0,0
654,2,MedGemma 4B,chain-of-thought,0,0,0,0
655,2,MedGemma 4B,structured-output,0,0,0,0
656,13,Qwen 2.5 3B Instruct,few-shot,0,0,0,0
657,4,MedGemma 4B,few-shot,0,0,0,0
658,4,Qwen 2.5 3B Instruct,chain-of-thought,0,0,0,0
659,3,Qwen 2.5 3B Instruct,structured-output,0,0,0,0
660,8,MedGemma 4B,zero-shot,0,0,0,0
661,3,MedGemma 4B,structured-output,0,0,0,0
662,14,Qwen 2.5 3B Instruct,few-shot,0,0,0,0
663,3,MedGemma 4B,chain-of-thought,0,10,9,1
664,5,MedGemma 4B,few-shot,0,0,0,0
665,9,MedGemma 4B,zero-shot,0,7,5,2
666,4,Qwen 2.5 3B Instruct,structured-output,0,0,0,0
667,5,Qwen 2.5 3B Instruct,chain-of-thought,0,0,0,0
668,4,MedGemma 4B,structured-output,0,0,0,0
669,15,Qwen 2.5 3B Instruct,few-shot,0,0,0,0
670,6,MedGemma 4B,few-shot,0,7,6,1
671,4,MedGemma 4B,chain-of-thought,0,0,0,0
672,10,MedGemma 4B,zero-shot,0,8,3,5
673,6,Qwen 2.5 3B Instruct,chain-of-thought,0,1,1,0
674,5,Qwen 2.5 3B Instruct,structured-output,0,0,0,0
675,7,Qwen 2.5 3B Instruct,chain-of-thought,0,2,2,0
677,5,MedGemma 4B,structured-output,0,0,0,0
678,7,MedGemma 4B,few-shot,0,0,0,0
679,16,Qwen 2.5 3B Instruct,few-shot,0,9,2,7
680,5,MedGemma 4B,chain-of-thought,0,0,0,0
681,11,MedGemma 4B,zero-shot,0,0,0,0
682,6,Qwen 2.5 3B Instruct,structured-output,0,0,0,0
683,7,Qwen 2.5 3B Instruct,structured-output,0,0,0,0
684,24,Qwen 2.5 3B Instruct,zero-shot,0,2,2,0
685,8,Qwen 2.5 3B Instruct,chain-of-thought,0,0,0,0
686,8,Qwen 2.5 3B Instruct,structured-output,0,13,12,1
687,25,Qwen 2.5 3B Instruct,zero-shot,0,4,0,4
688,9,Qwen 2.5 3B Instruct,chain-of-thought,0,4,4,0
689,9,Qwen 2.5 3B Instruct,structured-output,0,6,3,3
690,26,Qwen 2.5 3B Instruct,zero-shot,0,1,0,1
691,10,Qwen 2.5 3B Instruct,chain-of-thought,0,4,2,2
692,10,Qwen 2.5 3B Instruct,structured-output,0,4,1,3
693,27,Qwen 2.5 3B Instruct,zero-shot,0,5,0,5
694,11,Qwen 2.5 3B Instruct,chain-of-thought,0,10,7,3
695,11,Qwen 2.5 3B Instruct,structured-output,0,0,0,0
696,28,Qwen 2.5 3B Instruct,zero-shot,0,3,1,2
697,12,Qwen 2.5 3B Instruct,chain-of-thought,0,0,0,0
698,12,Qwen 2.5 3B Instruct,structured-output,0,0,0,0
699,29,Qwen 2.5 3B Instruct,zero-shot,0,9,2,7
700,13,Qwen 2.5 3B Instruct,chain-of-thought,0,0,0,0
701,13,Qwen 2.5 3B Instruct,structured-output,0,11,0,11
702,30,Qwen 2.5 3B Instruct,zero-shot,0,2,1,1
703,14,Qwen 2.5 3B Instruct,chain-of-thought,0,0,0,0
704,14,Qwen 2.5 3B Instruct,structured-output,0,0,0,0
705,31,Qwen 2.5 3B Instruct,zero-shot,0,6,5,1
706,15,Qwen 2.5 3B Instruct,chain-of-thought,0,9,3,6
707,15,Qwen 2.5 3B Instruct,structured-output,0,11,4,7
708,32,Qwen 2.5 3B Instruct,zero-shot,0,0,0,0
709,16,Qwen 2.5 3B Instruct,chain-of-thought,0,7,2,5
710,16,Qwen 2.5 3B Instruct,structured-output,0,9,2,7
711,17,Qwen 2.5 3B Instruct,few-shot,0,0,0,0
712,33,Qwen 2.5 3B Instruct,zero-shot,0,4,4,0
713,17,Qwen 2.5 3B Instruct,chain-of-thought,0,12,1,11
714,17,Qwen 2.5 3B Instruct,structured-output,0,13,3,10
715,18,Qwen 2.5 3B Instruct,few-shot,0,0,0,0
716,34,Qwen 2.5 3B Instruct,zero-shot,0,8,4,4
717,18,Qwen 2.5 3B Instruct,chain-of-thought,0,5,0,5
718,18,Qwen 2.5 3B Instruct,structured-output,0,11,2,9
719,19,Qwen 2.5 3B Instruct,few-shot,0,0,0,0
720,35,Qwen 2.5 3B Instruct,zero-shot,0,4,3,1
721,19,Qwen 2.5 3B Instruct,chain-of-thought,0,0,0,0
722,19,Qwen 2.5 3B Instruct,structured-output,0,0,0,0
723,20,Qwen 2.5 3B Instruct,few-shot,0,5,0,5
724,36,Qwen 2.5 3B Instruct,zero-shot,0,1,0,1
725,20,Qwen 2.5 3B Instruct,chain-of-thought,0,4,1,3
726,20,Qwen 2.5 3B Instruct,structured-output,0,5,1,4
727,21,Qwen 2.5 3B Instruct,few-shot,0,0,0,0
728,37,Qwen 2.5 3B Instruct,zero-shot,0,7,5,2
729,21,Qwen 2.5 3B Instruct,chain-of-thought,0,8,7,1
730,21,Qwen 2.5 3B Instruct,structured-output,0,11,10,1
731,22,Qwen 2.5 3B Instruct,few-shot,0,0,0,0
732,38,Qwen 2.5 3B Instruct,zero-shot,0,13,10,3
733,22,Qwen 2.5 3B Instruct,chain-of-thought,0,0,0,0
734,22,Qwen 2.5 3B Instruct,structured-output,0,0,0,0
735,23,Qwen 2.5 3B Instruct,few-shot,0,9,6,3
736,39,Qwen 2.5 3B Instruct,zero-shot,0,4,3,1
737,23,Qwen 2.5 3B Instruct,chain-of-thought,0,0,0,0
738,23,Qwen 2.5 3B Instruct,structured-output,0,0,0,0
739,24,Qwen 2.5 3B Instruct,few-shot,0,3,2,1
740,40,Qwen 2.5 3B Instruct,zero-shot,0,0,0,0
741,24,Qwen 2.5 3B Instruct,chain-of-thought,0,2,2,0
742,24,Qwen 2.5 3B Instruct,structured-output,0,2,1,1
743,25,Qwen 2.5 3B Instruct,few-shot,0,0,0,0
744,41,Qwen 2.5 3B Instruct,zero-shot,0,1,1,0
745,25,Qwen 2.5 3B Instruct,chain-of-thought,0,6,1,5
746,25,Qwen 2.5 3B Instruct,structured-output,0,0,0,0
747,26,Qwen 2.5 3B Instruct,few-shot,0,8,2,6
749,43,Qwen 2.5 3B Instruct,zero-shot,0,6,5,1
750,26,Qwen 2.5 3B Instruct,chain-of-thought,0,2,1,1
751,26,Qwen 2.5 3B Instruct,structured-output,0,4,2,2
752,27,Qwen 2.5 3B Instruct,few-shot,0,8,1,7
753,44,Qwen 2.5 3B Instruct,zero-shot,0,12,7,5
754,27,Qwen 2.5 3B Instruct,chain-of-thought,0,7,1,6
755,27,Qwen 2.5 3B Instruct,structured-output,0,0,0,0
756,28,Qwen 2.5 3B Instruct,few-shot,0,4,1,3
758,46,Qwen 2.5 3B Instruct,zero-shot,0,0,0,0
759,28,Qwen 2.5 3B Instruct,chain-of-thought,0,2,0,2
760,28,Qwen 2.5 3B Instruct,structured-output,0,4,0,4
761,29,Qwen 2.5 3B Instruct,few-shot,0,5,1,4
763,48,Qwen 2.5 3B Instruct,zero-shot,0,8,4,4
764,29,Qwen 2.5 3B Instruct,chain-of-thought,0,7,1,6
765,29,Qwen 2.5 3B Instruct,structured-output,0,10,2,8
766,30,Qwen 2.5 3B Instruct,few-shot,0,3,2,1
767,49,Qwen 2.5 3B Instruct,zero-shot,0,8,5,3
768,30,Qwen 2.5 3B Instruct,chain-of-thought,0,2,1,1
769,30,Qwen 2.5 3B Instruct,structured-output,0,3,2,1
770,31,Qwen 2.5 3B Instruct,few-shot,0,9,5,4
771,50,Qwen 2.5 3B Instruct,zero-shot,0,3,3,0
772,31,Qwen 2.5 3B Instruct,chain-of-thought,0,11,10,1
773,31,Qwen 2.5 3B Instruct,structured-output,0,12,8,4
774,32,Qwen 2.5 3B Instruct,few-shot,0,0,0,0
775,32,Qwen 2.5 3B Instruct,chain-of-thought,0,6,3,3
776,32,Qwen 2.5 3B Instruct,structured-output,0,0,0,0
777,33,Qwen 2.5 3B Instruct,few-shot,0,4,4,0
778,33,Qwen 2.5 3B Instruct,chain-of-thought,0,0,0,0
779,33,Qwen 2.5 3B Instruct,structured-output,0,4,4,0
780,34,Qwen 2.5 3B Instruct,few-shot,0,0,0,0
781,34,Qwen 2.5 3B Instruct,chain-of-thought,0,0,0,0
782,34,Qwen 2.5 3B Instruct,structured-output,0,0,0,0
783,35,Qwen 2.5 3B Instruct,few-shot,0,8,6,2
784,35,Qwen 2.5 3B Instruct,chain-of-thought,0,0,0,0
785,35,Qwen 2.5 3B Instruct,structured-output,0,2,0,2
786,36,Qwen 2.5 3B Instruct,few-shot,0,0,0,0
787,36,Qwen 2.5 3B Instruct,chain-of-thought,0,0,0,0
788,36,Qwen 2.5 3B Instruct,structured-output,0,0,0,0
789,37,Qwen 2.5 3B Instruct,few-shot,0,12,5,7
790,6,MedGemma 4B,chain-of-thought,0,6,5,1
791,37,Qwen 2.5 3B Instruct,chain-of-thought,0,3,3,0
792,6,MedGemma 4B,structured-output,0,9,7,2
793,7,MedGemma 4B,chain-of-thought,0,8,7,1
794,37,Qwen 2.5 3B Instruct,structured-output,0,7,5,2
795,38,Qwen 2.5 3B Instruct,few-shot,0,0,0,0
796,7,MedGemma 4B,structured-output,0,0,0,0
797,38,Qwen 2.5 3B Instruct,chain-of-thought,0,6,5,1
798,38,Qwen 2.5 3B Instruct,structured-output,0,3,2,1
799,39,Qwen 2.5 3B Instruct,few-shot,0,0,0,0
800,39,Qwen 2.5 3B Instruct,chain-of-thought,0,6,3,3
801,39,Qwen 2.5 3B Instruct,structured-output,0,0,0,0
802,8,MedGemma 4B,few-shot,0,0,0,0
803,40,Qwen 2.5 3B Instruct,few-shot,0,0,0,0
804,40,Qwen 2.5 3B Instruct,chain-of-thought,0,0,0,0
805,8,MedGemma 4B,chain-of-thought,0,0,0,0
806,40,Qwen 2.5 3B Instruct,structured-output,0,5,3,2
807,41,Qwen 2.5 3B Instruct,few-shot,0,7,4,3
808,8,MedGemma 4B,structured-output,0,0,0,0
809,41,Qwen 2.5 3B Instruct,chain-of-thought,0,7,0,7
810,41,Qwen 2.5 3B Instruct,structured-output,0,8,2,6
812,43,Qwen 2.5 3B Instruct,few-shot,0,0,0,0
814,43,Qwen 2.5 3B Instruct,chain-of-thought,0,0,0,0
815,9,MedGemma 4B,few-shot,0,9,8,1
817,43,Qwen 2.5 3B Instruct,structured-output,0,0,0,0
818,9,MedGemma 4B,chain-of-thought,0,7,5,2
819,44,Qwen 2.5 3B Instruct,few-shot,0,12,10,2
820,9,MedGemma 4B,structured-output,0,10,7,3
821,10,MedGemma 4B,few-shot,0,5,3,2
822,10,MedGemma 4B,chain-of-thought,0,7,3,4
823,10,MedGemma 4B,structured-output,0,6,3,3
824,11,MedGemma 4B,few-shot,0,0,0,0
825,11,MedGemma 4B,chain-of-thought,0,0,0,0
826,11,MedGemma 4B,structured-output,0,0,0,0
827,12,MedGemma 4B,zero-shot,0,0,0,0
828,12,MedGemma 4B,few-shot,0,0,0,0
829,12,MedGemma 4B,chain-of-thought,0,0,0,0
830,12,MedGemma 4B,structured-output,0,0,0,0
831,44,Qwen 2.5 3B Instruct,chain-of-thought,0,0,0,0
832,44,Qwen 2.5 3B Instruct,structured-output,0,14,10,4
833,13,MedGemma 4B,zero-shot,0,0,0,0
834,13,MedGemma 4B,few-shot,0,0,0,0
835,13,MedGemma 4B,chain-of-thought,0,0,0,0
836,13,MedGemma 4B,structured-output,0,0,0,0
837,14,MedGemma 4B,zero-shot,0,0,0,0
838,14,MedGemma 4B,few-shot,0,0,0,0
839,14,MedGemma 4B,chain-of-thought,0,0,0,0
840,14,MedGemma 4B,structured-output,0,0,0,0
841,15,MedGemma 4B,zero-shot,0,0,0,0
842,15,MedGemma 4B,few-shot,0,0,0,0
843,15,MedGemma 4B,chain-of-thought,0,0,0,0
845,46,Qwen 2.5 3B Instruct,few-shot,0,11,8,3
846,15,MedGemma 4B,structured-output,0,0,0,0
847,16,MedGemma 4B,zero-shot,0,0,0,0
848,16,MedGemma 4B,few-shot,0,0,0,0
849,16,MedGemma 4B,chain-of-thought,0,0,0,0
850,16,MedGemma 4B,structured-output,0,0,0,0
851,17,MedGemma 4B,zero-shot,0,0,0,0
853,46,Qwen 2.5 3B Instruct,chain-of-thought,0,0,0,0
854,17,MedGemma 4B,few-shot,0,0,0,0
856,46,Qwen 2.5 3B Instruct,structured-output,0,0,0,0
857,17,MedGemma 4B,chain-of-thought,0,0,0,0
859,48,Qwen 2.5 3B Instruct,few-shot,0,8,4,4
861,48,Qwen 2.5 3B Instruct,chain-of-thought,0,0,0,0
862,17,MedGemma 4B,structured-output,0,0,0,0
864,48,Qwen 2.5 3B Instruct,structured-output,0,9,6,3
865,49,Qwen 2.5 3B Instruct,few-shot,0,10,6,4
866,18,MedGemma 4B,zero-shot,0,10,2,8
867,49,Qwen 2.5 3B Instruct,chain-of-thought,0,11,7,4
868,18,MedGemma 4B,few-shot,0,6,1,5
869,49,Qwen 2.5 3B Instruct,structured-output,0,10,6,4
870,50,Qwen 2.5 3B Instruct,few-shot,0,0,0,0
871,18,MedGemma 4B,chain-of-thought,0,0,0,0
872,50,Qwen 2.5 3B Instruct,chain-of-thought,0,0,0,0
873,50,Qwen 2.5 3B Instruct,structured-output,0,0,0,0
874,18,MedGemma 4B,structured-output,0,0,0,0
875,19,MedGemma 4B,zero-shot,0,0,0,0
876,19,MedGemma 4B,few-shot,0,0,0,0
877,19,MedGemma 4B,chain-of-thought,0,0,0,0
878,19,MedGemma 4B,structured-output,0,0,0,0
879,20,MedGemma 4B,zero-shot,0,8,1,7
880,20,MedGemma 4B,few-shot,0,6,1,5
881,20,MedGemma 4B,chain-of-thought,0,5,1,4
882,20,MedGemma 4B,structured-output,0,8,1,7
883,21,MedGemma 4B,zero-shot,0,0,0,0
884,21,MedGemma 4B,few-shot,0,0,0,0
885,21,MedGemma 4B,chain-of-thought,0,0,0,0
886,21,MedGemma 4B,structured-output,0,10,8,2
887,22,MedGemma 4B,zero-shot,0,0,0,0
888,22,MedGemma 4B,few-shot,0,0,0,0
889,22,MedGemma 4B,chain-of-thought,0,0,0,0
890,22,MedGemma 4B,structured-output,0,0,0,0
891,23,MedGemma 4B,zero-shot,0,0,0,0
892,23,MedGemma 4B,few-shot,0,0,0,0
893,23,MedGemma 4B,chain-of-thought,0,0,0,0
894,23,MedGemma 4B,structured-output,0,0,0,0
895,24,MedGemma 4B,zero-shot,0,4,3,1
896,24,MedGemma 4B,few-shot,0,5,2,3
897,24,MedGemma 4B,chain-of-thought,0,4,2,2
898,24,MedGemma 4B,structured-output,0,5,3,2
899,25,MedGemma 4B,zero-shot,0,8,2,6
900,25,MedGemma 4B,few-shot,0,8,2,6
901,25,MedGemma 4B,chain-of-thought,0,8,2,6
902,25,MedGemma 4B,structured-output,0,10,3,7
903,26,MedGemma 4B,zero-shot,0,10,3,7
904,26,MedGemma 4B,few-shot,0,3,2,1
905,26,MedGemma 4B,chain-of-thought,0,10,3,7
906,26,MedGemma 4B,structured-output,0,10,3,7
907,27,MedGemma 4B,zero-shot,0,0,0,0
908,27,MedGemma 4B,few-shot,0,0,0,0
909,27,MedGemma 4B,chain-of-thought,0,0,0,0
910,27,MedGemma 4B,structured-output,0,0,0,0
911,28,MedGemma 4B,zero-shot,0,5,1,4
912,28,MedGemma 4B,few-shot,0,4,1,3
913,28,MedGemma 4B,chain-of-thought,0,8,1,7
914,28,MedGemma 4B,structured-output,0,4,1,3
915,29,MedGemma 4B,zero-shot,0,12,1,11
916,29,MedGemma 4B,few-shot,0,8,1,7
917,29,MedGemma 4B,chain-of-thought,0,7,1,6
918,29,MedGemma 4B,structured-output,0,6,1,5
919,30,MedGemma 4B,zero-shot,0,5,4,1
920,30,MedGemma 4B,few-shot,0,4,4,0
921,30,MedGemma 4B,chain-of-thought,0,5,4,1
922,30,MedGemma 4B,structured-output,0,4,4,0
923,31,MedGemma 4B,zero-shot,0,0,0,0
924,31,MedGemma 4B,few-shot,0,9,5,4
925,31,MedGemma 4B,chain-of-thought,0,0,0,0
926,31,MedGemma 4B,structured-output,0,0,0,0
927,32,MedGemma 4B,zero-shot,0,0,0,0
928,32,MedGemma 4B,few-shot,0,9,8,1
929,32,MedGemma 4B,chain-of-thought,0,0,0,0
930,32,MedGemma 4B,structured-output,0,0,0,0
931,33,MedGemma 4B,zero-shot,0,4,2,2
932,33,MedGemma 4B,few-shot,0,4,3,1
933,33,MedGemma 4B,chain-of-thought,0,4,4,0
934,33,MedGemma 4B,structured-output,0,4,4,0
935,34,MedGemma 4B,zero-shot,0,0,0,0
936,34,MedGemma 4B,few-shot,0,0,0,0
937,34,MedGemma 4B,chain-of-thought,0,0,0,0
938,34,MedGemma 4B,structured-output,0,0,0,0
939,35,MedGemma 4B,zero-shot,0,8,6,2
940,35,MedGemma 4B,few-shot,0,0,0,0
941,35,MedGemma 4B,chain-of-thought,0,9,8,1
942,35,MedGemma 4B,structured-output,0,8,8,0
943,36,MedGemma 4B,zero-shot,0,0,0,0
944,36,MedGemma 4B,few-shot,0,0,0,0
945,36,MedGemma 4B,chain-of-thought,0,0,0,0
946,36,MedGemma 4B,structured-output,0,0,0,0
947,37,MedGemma 4B,zero-shot,0,0,0,0
948,37,MedGemma 4B,few-shot,0,0,0,0
949,37,MedGemma 4B,chain-of-thought,0,0,0,0
950,37,MedGemma 4B,structured-output,0,0,0,0
951,38,MedGemma 4B,zero-shot,0,0,0,0
952,38,MedGemma 4B,few-shot,0,8,8,0
953,38,MedGemma 4B,chain-of-thought,0,0,0,0
954,38,MedGemma 4B,structured-output,0,0,0,0
955,39,MedGemma 4B,zero-shot,0,10,7,3
956,39,MedGemma 4B,few-shot,0,8,6,2
957,39,MedGemma 4B,chain-of-thought,0,8,7,1
958,39,MedGemma 4B,structured-output,0,0,0,0
959,40,MedGemma 4B,zero-shot,0,10,9,1
960,40,MedGemma 4B,few-shot,0,0,0,0
961,40,MedGemma 4B,chain-of-thought,0,0,0,0
962,40,MedGemma 4B,structured-output,0,0,0,0
963,41,MedGemma 4B,zero-shot,0,0,0,0
964,41,MedGemma 4B,few-shot,0,0,0,0
965,41,MedGemma 4B,chain-of-thought,0,0,0,0
966,41,MedGemma 4B,structured-output,0,0,0,0
968,43,MedGemma 4B,zero-shot,0,0,0,0
970,43,MedGemma 4B,few-shot,0,0,0,0
972,43,MedGemma 4B,chain-of-thought,0,0,0,0
974,43,MedGemma 4B,structured-output,0,0,0,0
975,44,MedGemma 4B,zero-shot,0,0,0,0
976,44,MedGemma 4B,few-shot,0,0,0,0
977,44,MedGemma 4B,chain-of-thought,0,0,0,0
978,44,MedGemma 4B,structured-output,0,0,0,0
980,46,MedGemma 4B,zero-shot,0,0,0,0
982,46,MedGemma 4B,few-shot,0,8,8,0
984,46,MedGemma 4B,chain-of-thought,0,0,0,0
986,46,MedGemma 4B,structured-output,0,0,0,0
988,48,MedGemma 4B,zero-shot,0,7,5,2
990,48,MedGemma 4B,few-shot,0,0,0,0
992,48,MedGemma 4B,chain-of-thought,0,8,7,1
994,48,MedGemma 4B,structured-output,0,9,8,1
995,49,MedGemma 4B,zero-shot,0,10,9,1
996,49,MedGemma 4B,few-shot,0,10,8,2
997,49,MedGemma 4B,chain-of-thought,0,10,9,1
998,49,MedGemma 4B,structured-output,0,10,9,1
999,50,MedGemma 4B,zero-shot,0,8,7,1
1000,50,MedGemma 4B,few-shot,0,8,7,1
1001,50,MedGemma 4B,chain-of-thought,0,9,8,1
1002,50,MedGemma 4B,structured-output,0,9,8,1
