transcript_id,model_name,technique_name,rag_enabled,json_valid,total_calories,total_protein_g,total_fat_g,total_carbohydrate_g,ingredient_count
1,Gemma-SEA-LION v4 4B,chain-of-thought,false,true,350.0,40.0,20.0,15.0,10
1,Gemma-SEA-LION v4 4B,few-shot,false,true,248.0,42.0,16.0,0.0,0
1,Gemma-SEA-LION v4 4B,structured-output,false,true,250.0,30.0,14.0,0.0,0
1,Gemma-SEA-LION v4 4B,zero-shot,false,true,300.0,30.0,20.0,10.0,9
1,Llama 3.2 3B Instruct,chain-of-thought,false,true,680.0,60.0,28.0,50.0,5
1,Llama 3.2 3B Instruct,few-shot,false,true,300.0,25.0,25.0,5.0,2
1,Llama 3.2 3B Instruct,structured-output,false,true,100.0,2.0,0.5,24.0,0
1,Llama 3.2 3B Instruct,zero-shot,false,true,165.0,31.0,11.6,0.0,0
1,MedGemma 4B,chain-of-thought,false,true,350.0,35.0,8.0,0.0,0
1,MedGemma 4B,few-shot,false,true,350.0,28.0,21.0,3.0,0
1,MedGemma 4B,structured-output,false,true,350.0,30.0,20.0,15.0,0
1,MedGemma 4B,zero-shot,false,true,350.0,30.0,20.0,15.0,0
1,Phi-4-mini 3.8B Instruct,chain-of-thought,false,false,,,,,0
1,Phi-4-mini 3.8B Instruct,few-shot,false,false,,,,,0
1,Phi-4-mini 3.8B Instruct,structured-output,false,false,,,,,0
1,Phi-4-mini 3.8B Instruct,zero-shot,false,true,0.0,7.0,7.0,35.0,0
1,Qwen 2.5 3B Instruct,chain-of-thought,false,true,1075.0,42.6,76.4,90.0,10
1,Qwen 2.5 3B Instruct,few-shot,false,true,286.0,26.0,14.0,1.0,0
1,Qwen 2.5 3B Instruct,structured-output,false,true,0.0,0.0,0.0,0.0,10
1,Qwen 2.5 3B Instruct,zero-shot,false,true,200.0,35.0,8.0,1.0,0
2,Gemma-SEA-LION v4 4B,chain-of-thought,false,true,40.0,0.5,0.5,10.0,0
2,Gemma-SEA-LION v4 4B,few-shot,false,true,230.0,23.0,16.0,0.0,0
2,Gemma-SEA-LION v4 4B,structured-output,false,true,15.0,0.5,0.5,3.0,0
2,Gemma-SEA-LION v4 4B,zero-shot,false,true,20.0,1.0,1.5,8.0,0
2,Llama 3.2 3B Instruct,chain-of-thought,false,true,350.0,12.0,10.0,60.0,0
2,Llama 3.2 3B Instruct,few-shot,false,true,350.0,20.0,30.0,40.0,9
2,Llama 3.2 3B Instruct,structured-output,false,true,200.0,20.0,10.0,0.0,0
2,Llama 3.2 3B Instruct,zero-shot,false,true,0.0,40.0,0.0,60.0,5
2,MedGemma 4B,chain-of-thought,false,true,20.0,0.5,0.5,3.0,0
2,MedGemma 4B,few-shot,false,true,150.0,25.0,10.0,0.0,0
2,MedGemma 4B,structured-output,false,true,0.0,0.0,0.0,0.0,0
2,MedGemma 4B,zero-shot,false,true,0.0,0.0,0.0,0.0,0
2,Phi-4-mini 3.8B Instruct,chain-of-thought,false,false,,,,,0
2,Phi-4-mini 3.8B Instruct,few-shot,false,false,,,,,0
2,Phi-4-mini 3.8B Instruct,structured-output,false,false,,,,,0
2,Phi-4-mini 3.8B Instruct,zero-shot,false,true,0.0,0.0,0.0,0.0,1
2,Qwen 2.5 3B Instruct,chain-of-thought,false,true,235.0,13.5,6.7,21.0,6
2,Qwen 2.5 3B Instruct,few-shot,false,true,230.0,12.9,8.9,3.0,0
2,Qwen 2.5 3B Instruct,structured-output,false,true,46.0,1.3,1.3,1.0,0
2,Qwen 2.5 3B Instruct,zero-shot,false,true,4.0,1.5,0.1,0.0,0
3,Gemma-SEA-LION v4 4B,chain-of-thought,false,true,390.0,60.0,20.0,0.0,0
3,Gemma-SEA-LION v4 4B,few-shot,false,true,600.0,40.0,32.0,0.0,0
3,Gemma-SEA-LION v4 4B,structured-output,false,true,400.0,35.0,25.0,0.0,0
3,Gemma-SEA-LION v4 4B,zero-shot,false,true,200.0,25.0,12.0,0.0,0
3,Llama 3.2 3B Instruct,chain-of-thought,false,true,420.0,30.0,23.0,35.0,12
3,Llama 3.2 3B Instruct,few-shot,false,true,500.0,30.0,35.0,40.0,6
3,Llama 3.2 3B Instruct,structured-output,false,true,165.0,31.0,3.5,0.0,0
3,Llama 3.2 3B Instruct,zero-shot,false,true,0.0,0.0,0.0,0.0,4
3,MedGemma 4B,chain-of-thought,false,true,500.0,40.0,20.0,60.0,10
3,MedGemma 4B,few-shot,false,true,570.0,40.0,25.0,2.0,0
3,MedGemma 4B,structured-output,false,true,370.0,40.0,21.0,0.0,0
3,MedGemma 4B,zero-shot,false,true,600.0,45.0,25.0,80.0,10
3,Phi-4-mini 3.8B Instruct,chain-of-thought,false,false,,,,,0
3,Phi-4-mini 3.8B Instruct,few-shot,false,false,,,,,0
3,Phi-4-mini 3.8B Instruct,structured-output,false,false,,,,,0
3,Phi-4-mini 3.8B Instruct,zero-shot,false,false,,,,,0
3,Qwen 2.5 3B Instruct,chain-of-thought,false,true,1081.0,20.4,4.9,38.7,11
3,Qwen 2.5 3B Instruct,few-shot,false,true,250.0,13.0,21.0,1.0,7
3,Qwen 2.5 3B Instruct,structured-output,false,true,167.0,31.95,9.48,0.0,0
3,Qwen 2.5 3B Instruct,zero-shot,false,true,0.0,0.0,0.0,0.0,1
4,Gemma-SEA-LION v4 4B,chain-of-thought,false,true,90.0,7.0,6.0,6.0,0
4,Gemma-SEA-LION v4 4B,few-shot,false,true,96.0,6.0,8.0,6.0,0
4,Gemma-SEA-LION v4 4B,structured-output,false,true,80.0,6.0,6.0,4.0,0
4,Gemma-SEA-LION v4 4B,zero-shot,false,true,100.0,6.0,6.0,7.0,0
4,Llama 3.2 3B Instruct,chain-of-thought,false,true,80.0,8.5,0.0,17.4,0
4,Llama 3.2 3B Instruct,few-shot,false,true,300.0,10.0,32.0,30.0,10
4,Llama 3.2 3B Instruct,structured-output,false,true,0.0,2.0,0.0,10.0,0
4,Llama 3.2 3B Instruct,zero-shot,false,true,30.0,2.5,0.0,7.0,0
4,MedGemma 4B,chain-of-thought,false,true,50.0,4.0,4.0,3.0,0
4,MedGemma 4B,few-shot,false,true,120.0,6.0,10.0,3.0,0
4,MedGemma 4B,structured-output,false,true,50.0,4.0,4.0,6.0,0
4,MedGemma 4B,zero-shot,false,true,50.0,4.0,4.0,3.0,0
4,Phi-4-mini 3.8B Instruct,chain-of-thought,false,false,,,,,0
4,Phi-4-mini 3.8B Instruct,few-shot,false,false,,,,,0
4,Phi-4-mini 3.8B Instruct,structured-output,false,false,,,,,0
4,Phi-4-mini 3.8B Instruct,zero-shot,false,true,100.0,8.0,0.0,25.0,0
4,Qwen 2.5 3B Instruct,chain-of-thought,false,true,128.39,2.97,1.67,11.83,0
4,Qwen 2.5 3B Instruct,few-shot,false,true,84.0,8.4,5.0,1.0,0
4,Qwen 2.5 3B Instruct,structured-output,false,true,0.0,3.0,0.0,12.0,0
4,Qwen 2.5 3B Instruct,zero-shot,false,true,0.0,0.0,0.0,0.0,0
5,Gemma-SEA-LION v4 4B,chain-of-thought,false,true,5.0,0.1,0.1,0.8,0
5,Gemma-SEA-LION v4 4B,few-shot,false,true,8.0,0.0,0.0,0.0,0
5,Gemma-SEA-LION v4 4B,structured-output,false,true,5.0,0.1,0.1,2.0,0
5,Gemma-SEA-LION v4 4B,zero-shot,false,true,5.0,0.1,0.2,1.0,0
5,Llama 3.2 3B Instruct,chain-of-thought,false,true,0.0,0.0,0.0,2.0,0
5,Llama 3.2 3B Instruct,few-shot,false,true,50.0,0.0,0.0,10.0,0
5,Llama 3.2 3B Instruct,structured-output,false,true,0.0,0.0,0.0,0.0,0
5,Llama 3.2 3B Instruct,zero-shot,false,true,0.0,0.0,0.0,0.0,1
5,MedGemma 4B,chain-of-thought,false,true,0.0,0.0,0.0,0.0,0
5,MedGemma 4B,few-shot,false,true,3.0,0.0,0.0,1.0,0
5,MedGemma 4B,structured-output,false,true,20.0,0.5,0.5,1.0,0
5,MedGemma 4B,zero-shot,false,true,2.0,0.1,0.1,1.0,0
5,Phi-4-mini 3.8B Instruct,chain-of-thought,false,false,,,,,0
5,Phi-4-mini 3.8B Instruct,few-shot,false,false,,,,,0
5,Phi-4-mini 3.8B Instruct,structured-output,false,false,,,,,0
5,Qwen 2.5 3B Instruct,chain-of-thought,false,true,0.0,0.0,0.0,0.0,0
5,Qwen 2.5 3B Instruct,few-shot,false,true,0.0,0.0,0.0,0.0,0
5,Qwen 2.5 3B Instruct,structured-output,false,true,0.0,0.0,0.0,0.0,0
5,Qwen 2.5 3B Instruct,zero-shot,false,true,0.0,0.0,0.0,0.0,0
6,Gemma-SEA-LION v4 4B,chain-of-thought,false,true,300.0,8.0,16.0,50.0,5
6,Gemma-SEA-LION v4 4B,few-shot,false,true,400.0,8.0,36.0,50.0,5
6,Gemma-SEA-LION v4 4B,structured-output,false,true,300.0,8.0,16.0,50.0,5
6,Gemma-SEA-LION v4 4B,zero-shot,false,true,300.0,8.0,16.0,50.0,5
6,Llama 3.2 3B Instruct,chain-of-thought,false,true,70.0,2.0,0.3,16.0,0
6,Llama 3.2 3B Instruct,few-shot,false,true,340.0,10.0,25.0,30.0,3
6,Llama 3.2 3B Instruct,structured-output,false,true,110.0,2.9,0.1,26.5,0
6,Llama 3.2 3B Instruct,zero-shot,false,true,3600.0,30.0,60.0,900.0,1
6,MedGemma 4B,chain-of-thought,false,true,350.0,8.0,12.0,50.0,6
6,MedGemma 4B,few-shot,false,true,300.0,8.0,15.0,35.0,7
6,MedGemma 4B,structured-output,false,true,300.0,8.0,6.0,44.0,9
6,MedGemma 4B,zero-shot,false,true,600.0,14.0,30.0,60.0,6
6,Phi-4-mini 3.8B Instruct,chain-of-thought,false,false,,,,,0
6,Phi-4-mini 3.8B Instruct,few-shot,false,false,,,,,0
6,Phi-4-mini 3.8B Instruct,structured-output,false,false,,,,,0
6,Phi-4-mini 3.8B Instruct,zero-shot,false,false,,,,,0
6,Qwen 2.5 3B Instruct,chain-of-thought,false,true,279.45,5.09,8.43,17.98,1
6,Qwen 2.5 3B Instruct,few-shot,false,true,350.0,22.0,28.0,2.0,4
6,Qwen 2.5 3B Instruct,structured-output,false,false,,,,,0
6,Qwen 2.5 3B Instruct,zero-shot,false,true,0.0,0.0,0.0,0.0,1
7,Gemma-SEA-LION v4 4B,chain-of-thought,false,true,365.0,20.0,2.5,64.0,0
7,Gemma-SEA-LION v4 4B,few-shot,false,true,150.0,5.0,12.0,9.0,8
7,Gemma-SEA-LION v4 4B,structured-output,false,true,380.0,21.0,4.0,63.0,0
7,Gemma-SEA-LION v4 4B,zero-shot,false,true,260.0,17.0,4.0,42.0,0
7,Llama 3.2 3B Instruct,chain-of-thought,false,true,200.0,15.2,0.9,40.8,0
7,Llama 3.2 3B Instruct,few-shot,false,true,150.0,5.0,10.0,6.0,5
7,Llama 3.2 3B Instruct,structured-output,false,true,0.0,14.0,0.0,0.0,0
7,Llama 3.2 3B Instruct,zero-shot,false,true,12.0,0.3,0.3,2.0,0
7,MedGemma 4B,chain-of-thought,false,true,250.0,6.0,8.0,25.0,8
7,MedGemma 4B,few-shot,false,true,350.0,20.0,10.0,50.0,0
7,MedGemma 4B,structured-output,false,true,0.0,0.0,0.0,0.0,0
7,MedGemma 4B,zero-shot,false,true,350.0,20.0,6.0,70.0,0
7,Phi-4-mini 3.8B Instruct,chain-of-thought,false,false,,,,,0
7,Phi-4-mini 3.8B Instruct,few-shot,false,false,,,,,0
7,Phi-4-mini 3.8B Instruct,structured-output,false,false,,,,,0
7,Phi-4-mini 3.8B Instruct,zero-shot,false,false,,,,,0
7,Qwen 2.5 3B Instruct,chain-of-thought,false,true,95.0,3.6,2.3,19.4,2
7,Qwen 2.5 3B Instruct,few-shot,false,true,200.0,5.0,15.0,6.0,4
7,Qwen 2.5 3B Instruct,structured-output,false,true,68.0,6.9,0.4,15.3,0
7,Qwen 2.5 3B Instruct,zero-shot,false,true,0.0,0.0,0.0,0.0,1
8,Gemma-SEA-LION v4 4B,chain-of-thought,false,true,120.0,0.0,14.0,0.0,0
8,Gemma-SEA-LION v4 4B,few-shot,false,true,120.0,0.0,14.0,0.0,0
8,Gemma-SEA-LION v4 4B,structured-output,false,true,120.0,0.0,14.0,0.0,0
8,Gemma-SEA-LION v4 4B,zero-shot,false,true,120.0,0.0,13.0,0.0,0
8,Llama 3.2 3B Instruct,chain-of-thought,false,true,190.0,0.0,22.0,0.0,0
8,Llama 3.2 3B Instruct,few-shot,false,true,400.0,30.0,30.0,20.0,5
8,Llama 3.2 3B Instruct,structured-output,false,true,120.0,0.0,14.0,0.0,0
8,Llama 3.2 3B Instruct,zero-shot,false,true,25.0,1.0,0.5,6.0,0
8,MedGemma 4B,chain-of-thought,false,true,450.0,0.0,45.0,0.0,0
8,MedGemma 4B,few-shot,false,true,280.0,0.0,30.0,0.0,0
8,MedGemma 4B,structured-output,false,true,140.0,0.0,14.0,0.0,0
8,MedGemma 4B,zero-shot,false,true,45.0,0.0,5.0,0.0,0
8,Phi-4-mini 3.8B Instruct,chain-of-thought,false,false,,,,,0
8,Phi-4-mini 3.8B Instruct,few-shot,false,false,,,,,0
8,Phi-4-mini 3.8B Instruct,structured-output,false,false,,,,,0
8,Phi-4-mini 3.8B Instruct,zero-shot,false,false,,,,,0
8,Qwen 2.5 3B Instruct,chain-of-thought,false,true,862.0,0.0,862.0,0.0,0
8,Qwen 2.5 3B Instruct,few-shot,false,true,240.0,24.0,18.0,1.0,0
8,Qwen 2.5 3B Instruct,structured-output,false,true,0.0,0.0,0.0,0.0,13
8,Qwen 2.5 3B Instruct,zero-shot,false,true,0.0,0.0,0.0,0.0,12
9,Gemma-SEA-LION v4 4B,chain-of-thought,false,true,450.0,30.0,30.0,40.0,9
9,Gemma-SEA-LION v4 4B,few-shot,false,true,600.0,38.0,42.0,60.0,9
9,Gemma-SEA-LION v4 4B,structured-output,false,true,400.0,30.0,25.0,40.0,10
9,Gemma-SEA-LION v4 4B,zero-shot,false,true,400.0,30.0,30.0,40.0,7
9,Llama 3.2 3B Instruct,chain-of-thought,false,true,450.0,35.0,25.0,30.0,5
9,Llama 3.2 3B Instruct,few-shot,false,true,350.0,35.0,25.0,30.0,7
9,Llama 3.2 3B Instruct,structured-output,false,true,360.0,35.0,12.0,0.0,0
9,Llama 3.2 3B Instruct,zero-shot,false,true,360.0,35.0,12.0,0.0,0
9,MedGemma 4B,chain-of-thought,false,true,350.0,25.0,20.0,35.0,7
9,MedGemma 4B,few-shot,false,true,500.0,40.0,30.0,50.0,9
9,MedGemma 4B,structured-output,false,true,450.0,30.0,25.0,40.0,10
9,MedGemma 4B,zero-shot,false,true,350.0,25.0,20.0,35.0,7
9,Phi-4-mini 3.8B Instruct,chain-of-thought,false,false,,,,,0
9,Phi-4-mini 3.8B Instruct,few-shot,false,false,,,,,0
9,Phi-4-mini 3.8B Instruct,structured-output,false,false,,,,,0
9,Phi-4-mini 3.8B Instruct,zero-shot,false,false,,,,,0
9,Qwen 2.5 3B Instruct,chain-of-thought,false,true,248.0,3.5,9.67,0.0,4
9,Qwen 2.5 3B Instruct,few-shot,false,true,230.0,8.0,17.0,2.0,6
9,Qwen 2.5 3B Instruct,structured-output,false,true,0.0,0.0,0.0,0.0,6
9,Qwen 2.5 3B Instruct,zero-shot,false,true,0.0,0.0,0.0,0.0,5
10,Gemma-SEA-LION v4 4B,chain-of-thought,false,true,250.0,10.0,12.0,45.0,6
10,Gemma-SEA-LION v4 4B,few-shot,false,true,350.0,8.0,20.0,35.0,5
10,Gemma-SEA-LION v4 4B,structured-output,false,true,250.0,10.0,12.0,35.0,6
10,Gemma-SEA-LION v4 4B,zero-shot,false,true,250.0,8.0,12.0,35.0,6
10,Llama 3.2 3B Instruct,chain-of-thought,false,false,,,,,0
10,Llama 3.2 3B Instruct,few-shot,false,true,540.0,20.0,54.0,30.0,6
10,Llama 3.2 3B Instruct,structured-output,false,true,0.0,0.0,0.0,0.0,5
10,Llama 3.2 3B Instruct,zero-shot,false,true,0.0,0.0,0.0,0.0,1
10,MedGemma 4B,chain-of-thought,false,true,250.0,6.0,8.0,35.0,7
10,MedGemma 4B,few-shot,false,true,350.0,6.0,14.0,35.0,5
10,MedGemma 4B,structured-output,false,true,250.0,6.0,8.0,15.0,6
10,MedGemma 4B,zero-shot,false,true,320.0,7.8,14.5,32.6,8
10,Phi-4-mini 3.8B Instruct,chain-of-thought,false,false,,,,,0
10,Phi-4-mini 3.8B Instruct,few-shot,false,false,,,,,0
10,Phi-4-mini 3.8B Instruct,structured-output,false,false,,,,,0
10,Phi-4-mini 3.8B Instruct,zero-shot,false,false,,,,,0
10,Qwen 2.5 3B Instruct,chain-of-thought,false,true,1035.0,31.5,63.0,102.0,4
10,Qwen 2.5 3B Instruct,few-shot,false,true,250.0,13.0,21.0,1.0,5
10,Qwen 2.5 3B Instruct,structured-output,false,true,0.0,0.0,0.0,0.0,4
10,Qwen 2.5 3B Instruct,zero-shot,false,true,0.0,0.0,0.0,0.0,1
11,Gemma-SEA-LION v4 4B,chain-of-thought,false,true,1300.0,80.0,60.0,0.0,0
11,Gemma-SEA-LION v4 4B,few-shot,false,true,800.0,120.0,56.0,0.0,0
11,Gemma-SEA-LION v4 4B,structured-output,false,true,150.0,25.0,10.0,0.0,0
11,Gemma-SEA-LION v4 4B,zero-shot,false,true,1200.0,120.0,80.0,0.0,0
11,Llama 3.2 3B Instruct,chain-of-thought,false,true,140.0,25.0,9.5,0.0,0
11,Llama 3.2 3B Instruct,few-shot,false,true,300.0,50.0,20.0,0.0,0
11,Llama 3.2 3B Instruct,structured-output,false,true,0.0,0.0,0.0,0.0,12
11,Llama 3.2 3B Instruct,zero-shot,false,true,0.0,0.0,0.0,0.0,5
11,MedGemma 4B,chain-of-thought,false,true,250.0,25.0,18.0,0.0,0
11,MedGemma 4B,few-shot,false,true,260.0,25.0,18.0,0.0,0
11,MedGemma 4B,structured-output,false,true,230.0,30.0,15.8,0.0,0
11,MedGemma 4B,zero-shot,false,true,270.0,16.8,16.3,0.0,0
11,Phi-4-mini 3.8B Instruct,chain-of-thought,false,false,,,,,0
11,Phi-4-mini 3.8B Instruct,few-shot,false,false,,,,,0
11,Phi-4-mini 3.8B Instruct,structured-output,false,false,,,,,0
11,Phi-4-mini 3.8B Instruct,zero-shot,false,false,,,,,0
11,Qwen 2.5 3B Instruct,chain-of-thought,false,true,278.0,19.4,30.4,17.4,10
11,Qwen 2.5 3B Instruct,few-shot,false,true,296.0,26.0,18.0,1.0,0
11,Qwen 2.5 3B Instruct,structured-output,false,true,0.0,0.0,0.0,0.0,0
11,Qwen 2.5 3B Instruct,zero-shot,false,true,0.0,0.0,0.0,0.0,7
12,Gemma-SEA-LION v4 4B,chain-of-thought,false,true,180.0,35.0,9.0,0.0,0
12,Gemma-SEA-LION v4 4B,few-shot,false,true,165.0,30.0,8.0,0.0,0
12,Gemma-SEA-LION v4 4B,structured-output,false,true,220.0,30.0,10.0,0.0,0
12,Gemma-SEA-LION v4 4B,zero-shot,false,true,160.0,30.0,7.0,0.0,0
12,Llama 3.2 3B Instruct,chain-of-thought,false,true,140.0,30.0,3.5,0.0,0
12,Llama 3.2 3B Instruct,few-shot,false,true,400.0,30.0,35.0,20.0,8
12,Llama 3.2 3B Instruct,structured-output,false,true,0.0,250.0,0.0,0.0,0
12,Llama 3.2 3B Instruct,zero-shot,false,true,0.0,37.5,0.0,0.0,0
12,MedGemma 4B,chain-of-thought,false,true,230.0,42.0,7.6,0.0,0
12,MedGemma 4B,few-shot,false,true,650.0,65.0,40.0,0.0,0
12,MedGemma 4B,structured-output,false,true,350.0,30.4,20.4,20.4,0
12,MedGemma 4B,zero-shot,false,true,300.0,30.0,9.0,0.0,0
12,Phi-4-mini 3.8B Instruct,chain-of-thought,false,false,,,,,0
12,Phi-4-mini 3.8B Instruct,few-shot,false,false,,,,,0
12,Phi-4-mini 3.8B Instruct,structured-output,false,false,,,,,0
12,Phi-4-mini 3.8B Instruct,zero-shot,false,false,,,,,0
12,Qwen 2.5 3B Instruct,chain-of-thought,false,true,418.0,26.89,15.97,0.0,0
12,Qwen 2.5 3B Instruct,few-shot,false,true,149.0,30.0,8.5,0.0,0
12,Qwen 2.5 3B Instruct,structured-output,false,true,11.7111,0.359746,0.107421,2.41575,0
12,Qwen 2.5 3B Instruct,zero-shot,false,true,79.0,31.7,3.6,0.0,0
13,Gemma-SEA-LION v4 4B,chain-of-thought,false,true,230.0,30.0,16.0,0.0,0
13,Gemma-SEA-LION v4 4B,few-shot,false,true,350.0,50.0,28.0,2.0,0
13,Gemma-SEA-LION v4 4B,structured-output,false,true,200.0,40.0,15.0,0.0,0
13,Gemma-SEA-LION v4 4B,zero-shot,false,true,200.0,30.0,12.0,0.0,0
13,Llama 3.2 3B Instruct,chain-of-thought,false,true,150.0,25.0,3.5,0.0,0
13,Llama 3.2 3B Instruct,few-shot,false,true,400.0,40.0,25.0,30.0,6
13,Llama 3.2 3B Instruct,structured-output,false,true,0.0,50.0,0.0,0.0,0
13,Llama 3.2 3B Instruct,zero-shot,false,true,0.0,0.0,0.0,0.0,4
13,MedGemma 4B,chain-of-thought,false,true,280.0,30.0,17.0,0.5,0
13,MedGemma 4B,few-shot,false,true,270.0,30.0,20.0,0.0,0
13,MedGemma 4B,structured-output,false,true,260.0,26.0,17.0,0.0,0
13,MedGemma 4B,zero-shot,false,true,240.0,24.0,16.0,0.0,0
13,Phi-4-mini 3.8B Instruct,chain-of-thought,false,false,,,,,0
13,Phi-4-mini 3.8B Instruct,few-shot,false,false,,,,,0
13,Phi-4-mini 3.8B Instruct,structured-output,false,false,,,,,0
13,Phi-4-mini 3.8B Instruct,zero-shot,false,false,,,,,0
13,Qwen 2.5 3B Instruct,chain-of-thought,false,true,239.5,21.4,6.7,0.0,0
13,Qwen 2.5 3B Instruct,few-shot,false,true,146.0,21.5,5.0,0.0,0
13,Qwen 2.5 3B Instruct,structured-output,false,true,0.0,0.0,0.0,0.0,11
13,Qwen 2.5 3B Instruct,zero-shot,false,true,0.0,0.0,0.0,0.0,5
14,Gemma-SEA-LION v4 4B,chain-of-thought,false,true,150.0,7.0,3.0,60.0,0
14,Gemma-SEA-LION v4 4B,few-shot,false,true,400.0,24.0,15.0,72.0,0
14,Gemma-SEA-LION v4 4B,structured-output,false,true,150.0,8.0,8.0,75.0,0
14,Gemma-SEA-LION v4 4B,zero-shot,false,true,150.0,8.0,6.0,60.0,0
14,Llama 3.2 3B Instruct,chain-of-thought,false,true,10.0,1.0,0.2,2.0,0
14,Llama 3.2 3B Instruct,few-shot,false,true,500.0,40.0,30.0,60.0,8
14,Llama 3.2 3B Instruct,structured-output,false,true,0.0,5.0,0.0,30.0,0
14,Llama 3.2 3B Instruct,zero-shot,false,true,0.0,0.0,0.0,0.0,1
14,MedGemma 4B,chain-of-thought,false,true,150.0,7.0,6.0,30.0,0
14,MedGemma 4B,few-shot,false,true,160.0,6.0,2.0,30.0,0
14,MedGemma 4B,structured-output,false,true,0.0,0.0,0.0,0.0,0
14,MedGemma 4B,zero-shot,false,true,50.0,6.0,3.0,40.0,0
14,Phi-4-mini 3.8B Instruct,chain-of-thought,false,false,,,,,0
14,Phi-4-mini 3.8B Instruct,few-shot,false,false,,,,,0
14,Phi-4-mini 3.8B Instruct,structured-output,false,false,,,,,0
14,Phi-4-mini 3.8B Instruct,zero-shot,false,false,,,,,0
14,Qwen 2.5 3B Instruct,chain-of-thought,false,true,134.0,2.6,9.6,24.1,0
14,Qwen 2.5 3B Instruct,few-shot,false,true,48.0,4.8,2.0,6.0,0
14,Qwen 2.5 3B Instruct,structured-output,false,true,0.0,0.0,0.0,0.0,0
14,Qwen 2.5 3B Instruct,zero-shot,false,true,0.0,2.0,0.0,0.0,0
15,Gemma-SEA-LION v4 4B,chain-of-thought,false,true,204.0,42.0,13.8,0.0,0
15,Gemma-SEA-LION v4 4B,few-shot,false,true,400.0,50.0,30.0,0.0,0
15,Gemma-SEA-LION v4 4B,structured-output,false,true,300.0,40.0,18.0,0.0,0
15,Gemma-SEA-LION v4 4B,zero-shot,false,true,600.0,40.0,40.0,35.0,10
15,Llama 3.2 3B Instruct,chain-of-thought,false,true,150.0,30.0,6.0,0.0,0
15,Llama 3.2 3B Instruct,few-shot,false,true,140.0,25.0,10.0,5.0,0
15,Llama 3.2 3B Instruct,structured-output,false,true,0.0,20.0,6.8,0.0,0
15,Llama 3.2 3B Instruct,zero-shot,false,true,360.0,60.0,60.0,0.0,0
15,MedGemma 4B,chain-of-thought,false,true,350.0,40.0,28.0,0.0,0
15,MedGemma 4B,few-shot,false,true,560.0,45.0,35.0,10.0,0
15,MedGemma 4B,structured-output,false,true,450.0,35.0,28.0,0.0,0
15,MedGemma 4B,zero-shot,false,true,450.0,45.0,25.0,0.0,0
15,Phi-4-mini 3.8B Instruct,chain-of-thought,false,false,,,,,0
15,Phi-4-mini 3.8B Instruct,few-shot,false,false,,,,,0
15,Phi-4-mini 3.8B Instruct,structured-output,false,false,,,,,0
15,Phi-4-mini 3.8B Instruct,zero-shot,false,false,,,,,0
15,Qwen 2.5 3B Instruct,chain-of-thought,false,true,834.0,111.0,9.0,60.0,9
15,Qwen 2.5 3B Instruct,few-shot,false,true,456.0,40.0,21.0,2.0,0
15,Qwen 2.5 3B Instruct,structured-output,false,true,0.0,0.0,0.0,0.0,11
15,Qwen 2.5 3B Instruct,zero-shot,false,true,24.6,1.7,0.3,5.9,0
16,Gemma-SEA-LION v4 4B,chain-of-thought,false,true,450.0,40.0,28.0,20.0,9
16,Gemma-SEA-LION v4 4B,few-shot,false,true,450.0,35.0,28.0,10.0,9
16,Gemma-SEA-LION v4 4B,structured-output,false,true,200.0,40.0,12.0,0.0,0
16,Gemma-SEA-LION v4 4B,zero-shot,false,true,300.0,30.0,20.0,10.0,9
16,Llama 3.2 3B Instruct,chain-of-thought,false,true,400.0,30.0,25.0,10.0,7
16,Llama 3.2 3B Instruct,few-shot,false,true,400.0,40.0,35.0,20.0,6
16,Llama 3.2 3B Instruct,structured-output,false,true,0.0,30.0,0.0,0.0,0
16,Llama 3.2 3B Instruct,zero-shot,false,true,200.0,2.0,0.0,40.0,0
16,MedGemma 4B,chain-of-thought,false,true,375.0,40.0,25.0,0.0,0
16,MedGemma 4B,few-shot,false,true,250.0,35.0,16.0,2.0,0
16,MedGemma 4B,structured-output,false,true,230.0,25.0,14.0,0.0,0
16,MedGemma 4B,zero-shot,false,true,270.0,25.0,18.0,0.0,0
16,Phi-4-mini 3.8B Instruct,chain-of-thought,false,false,,,,,0
16,Phi-4-mini 3.8B Instruct,few-shot,false,false,,,,,0
16,Phi-4-mini 3.8B Instruct,structured-output,false,false,,,,,0
16,Phi-4-mini 3.8B Instruct,zero-shot,false,false,,,,,0
16,Qwen 2.5 3B Instruct,chain-of-thought,false,true,365.0,24.6,24.7,18.3,7
16,Qwen 2.5 3B Instruct,few-shot,false,true,300.0,32.0,25.0,1.0,9
16,Qwen 2.5 3B Instruct,structured-output,false,true,0.0,0.0,0.0,0.0,9
16,Qwen 2.5 3B Instruct,zero-shot,false,true,0.0,0.0,0.0,0.0,9
17,Gemma-SEA-LION v4 4B,chain-of-thought,false,true,160.0,32.0,8.0,0.0,0
17,Gemma-SEA-LION v4 4B,few-shot,false,true,1600.0,160.0,112.0,0.0,0
17,Gemma-SEA-LION v4 4B,structured-output,false,true,160.0,36.0,10.0,0.0,0
17,Gemma-SEA-LION v4 4B,zero-shot,false,true,160.0,36.0,9.0,0.0,0
17,Llama 3.2 3B Instruct,chain-of-thought,false,true,166.0,31.5,3.35,0.0,0
17,Llama 3.2 3B Instruct,few-shot,false,true,550.0,35.0,42.0,60.0,7
17,Llama 3.2 3B Instruct,structured-output,false,true,0.0,0.0,0.0,0.0,0
17,Llama 3.2 3B Instruct,zero-shot,false,true,0.0,0.0,0.0,0.0,5
17,MedGemma 4B,chain-of-thought,false,true,360.0,45.0,28.0,0.0,0
17,MedGemma 4B,few-shot,false,true,380.0,50.0,26.0,0.0,0
17,MedGemma 4B,structured-output,false,true,350.0,40.0,20.0,0.0,0
17,MedGemma 4B,zero-shot,false,true,350.0,35.0,25.0,0.0,0
17,Phi-4-mini 3.8B Instruct,chain-of-thought,false,false,,,,,0
17,Phi-4-mini 3.8B Instruct,few-shot,false,false,,,,,0
17,Phi-4-mini 3.8B Instruct,structured-output,false,false,,,,,0
17,Phi-4-mini 3.8B Instruct,zero-shot,false,false,,,,,0
17,Qwen 2.5 3B Instruct,chain-of-thought,false,true,1116.0,88.8,44.4,111.6,12
17,Qwen 2.5 3B Instruct,few-shot,false,true,140.0,0.0,16.5,0.0,0
17,Qwen 2.5 3B Instruct,structured-output,false,true,0.0,0.0,0.0,0.0,13
17,Qwen 2.5 3B Instruct,zero-shot,false,true,97.0,32.7,3.6,0.0,0
18,Gemma-SEA-LION v4 4B,chain-of-thought,false,true,200.0,25.0,14.0,0.0,0
18,Gemma-SEA-LION v4 4B,few-shot,false,true,450.0,25.0,28.0,60.0,8
18,Gemma-SEA-LION v4 4B,structured-output,false,true,200.0,25.0,10.0,0.0,0
18,Gemma-SEA-LION v4 4B,zero-shot,false,true,900.0,60.0,60.0,120.0,10
18,Llama 3.2 3B Instruct,chain-of-thought,false,true,360.0,30.0,16.0,0.0,0
18,Llama 3.2 3B Instruct,few-shot,false,true,200.0,20.0,15.0,0.0,0
18,Llama 3.2 3B Instruct,structured-output,false,true,0.0,0.0,0.0,0.0,8
18,Llama 3.2 3B Instruct,zero-shot,false,true,0.0,50.0,0.0,0.0,0
18,MedGemma 4B,chain-of-thought,false,true,350.0,35.0,27.0,0.0,0
18,MedGemma 4B,few-shot,false,true,450.0,18.0,20.0,60.0,6
18,MedGemma 4B,structured-output,false,true,150.0,2.8,1.2,30.8,0
18,MedGemma 4B,zero-shot,false,true,1350.0,60.0,45.0,210.0,10
18,Phi-4-mini 3.8B Instruct,chain-of-thought,false,false,,,,,0
18,Phi-4-mini 3.8B Instruct,few-shot,false,false,,,,,0
18,Phi-4-mini 3.8B Instruct,structured-output,false,false,,,,,0
18,Phi-4-mini 3.8B Instruct,zero-shot,false,false,,,,,0
18,Qwen 2.5 3B Instruct,chain-of-thought,false,true,834.0,30.0,9.0,84.0,5
18,Qwen 2.5 3B Instruct,few-shot,false,true,156.0,17.0,8.0,0.0,0
18,Qwen 2.5 3B Instruct,structured-output,false,true,0.0,0.0,0.0,0.0,11
18,Qwen 2.5 3B Instruct,zero-shot,false,true,240.0,27.86,9.67,0.0,0
19,Gemma-SEA-LION v4 4B,chain-of-thought,false,true,165.0,32.0,7.0,0.0,0
19,Gemma-SEA-LION v4 4B,few-shot,false,true,350.0,30.0,24.0,5.0,0
19,Gemma-SEA-LION v4 4B,structured-output,false,true,200.0,26.0,12.0,1.0,0
19,Gemma-SEA-LION v4 4B,zero-shot,false,true,180.0,30.0,9.0,0.0,0
19,Llama 3.2 3B Instruct,chain-of-thought,false,true,120.0,25.0,3.5,0.0,0
19,Llama 3.2 3B Instruct,few-shot,false,true,500.0,20.0,40.0,30.0,5
19,Llama 3.2 3B Instruct,structured-output,false,true,560.0,21.5,50.7,34.3,0
19,Llama 3.2 3B Instruct,zero-shot,false,true,0.0,45.0,60.0,30.0,3
19,MedGemma 4B,chain-of-thought,false,true,350.0,40.0,26.0,0.0,0
19,MedGemma 4B,few-shot,false,true,360.0,36.0,24.0,2.0,0
19,MedGemma 4B,structured-output,false,true,350.0,30.0,30.0,2.0,0
19,MedGemma 4B,zero-shot,false,true,230.0,25.0,12.0,0.0,0
19,Phi-4-mini 3.8B Instruct,chain-of-thought,false,false,,,,,0
19,Phi-4-mini 3.8B Instruct,few-shot,false,false,,,,,0
19,Phi-4-mini 3.8B Instruct,structured-output,false,false,,,,,0
19,Phi-4-mini 3.8B Instruct,zero-shot,false,false,,,,,0
19,Qwen 2.5 3B Instruct,chain-of-thought,false,true,198.0,25.8,6.7,0.0,0
19,Qwen 2.5 3B Instruct,few-shot,false,true,139.0,26.0,7.4,1.0,0
19,Qwen 2.5 3B Instruct,structured-output,false,true,85.0,23.1,3.4,0.0,0
19,Qwen 2.5 3B Instruct,zero-shot,false,true,0.0,0.0,0.0,0.0,12
20,Gemma-SEA-LION v4 4B,chain-of-thought,false,true,250.0,6.0,12.0,35.0,7
20,Gemma-SEA-LION v4 4B,few-shot,false,true,350.0,2.0,20.0,50.0,8
20,Gemma-SEA-LION v4 4B,structured-output,false,true,250.0,6.0,12.0,45.0,8
20,Gemma-SEA-LION v4 4B,zero-shot,false,true,200.0,5.0,12.0,40.0,7
20,Llama 3.2 3B Instruct,chain-of-thought,false,true,0.0,0.0,0.0,0.0,0
20,Llama 3.2 3B Instruct,few-shot,false,true,350.0,15.0,25.0,40.0,3
20,Llama 3.2 3B Instruct,structured-output,false,true,0.0,0.0,0.0,0.0,0
20,Llama 3.2 3B Instruct,zero-shot,false,true,0.0,0.0,0.0,0.0,0
20,MedGemma 4B,chain-of-thought,false,true,250.0,6.0,8.0,45.0,5
20,MedGemma 4B,few-shot,false,true,250.0,4.0,14.0,30.0,6
20,MedGemma 4B,structured-output,false,true,250.0,6.0,8.0,35.0,8
20,MedGemma 4B,zero-shot,false,true,250.0,6.0,8.0,40.0,8
20,Phi-4-mini 3.8B Instruct,chain-of-thought,false,false,,,,,0
20,Phi-4-mini 3.8B Instruct,few-shot,false,false,,,,,0
20,Phi-4-mini 3.8B Instruct,structured-output,false,false,,,,,0
20,Phi-4-mini 3.8B Instruct,zero-shot,false,false,,,,,0
20,Qwen 2.5 3B Instruct,chain-of-thought,false,true,257.0,1.4,6.0,27.5,4
20,Qwen 2.5 3B Instruct,few-shot,false,true,105.0,2.0,9.0,18.0,5
20,Qwen 2.5 3B Instruct,structured-output,false,true,0.0,0.0,0.0,0.0,5
20,Qwen 2.5 3B Instruct,zero-shot,false,true,0.0,0.0,0.0,0.0,4
21,Gemma-SEA-LION v4 4B,chain-of-thought,false,true,120.0,0.0,14.0,0.0,0
21,Gemma-SEA-LION v4 4B,few-shot,false,true,600.0,20.0,45.0,60.0,9
21,Gemma-SEA-LION v4 4B,structured-output,false,true,120.0,0.0,13.0,0.0,0
21,Gemma-SEA-LION v4 4B,zero-shot,false,true,400.0,20.0,25.0,40.0,9
21,Llama 3.2 3B Instruct,chain-of-thought,false,true,2200.0,60.0,120.0,160.0,8
21,Llama 3.2 3B Instruct,few-shot,false,true,500.0,20.0,35.0,40.0,8
21,Llama 3.2 3B Instruct,structured-output,false,true,150.0,25.0,10.0,0.0,0
21,Llama 3.2 3B Instruct,zero-shot,false,true,0.0,0.0,0.0,0.0,3
21,MedGemma 4B,chain-of-thought,false,true,40.0,0.0,5.0,0.0,0
21,MedGemma 4B,few-shot,false,true,480.0,0.0,56.0,0.0,0
21,MedGemma 4B,structured-output,false,true,350.0,18.0,25.0,35.0,10
21,MedGemma 4B,zero-shot,false,true,0.0,0.0,0.0,0.0,0
21,Phi-4-mini 3.8B Instruct,chain-of-thought,false,false,,,,,0
21,Phi-4-mini 3.8B Instruct,few-shot,false,false,,,,,0
21,Phi-4-mini 3.8B Instruct,structured-output,false,false,,,,,0
21,Phi-4-mini 3.8B Instruct,zero-shot,false,false,,,,,0
21,Qwen 2.5 3B Instruct,chain-of-thought,false,true,274.0,7.8,19.3,21.4,8
21,Qwen 2.5 3B Instruct,few-shot,false,true,148.0,6.0,6.0,3.0,0
21,Qwen 2.5 3B Instruct,structured-output,false,true,0.0,0.0,0.0,0.0,11
21,Qwen 2.5 3B Instruct,zero-shot,false,true,0.0,0.0,0.0,0.0,1
22,Gemma-SEA-LION v4 4B,chain-of-thought,false,true,150.0,30.0,9.0,0.0,0
22,Gemma-SEA-LION v4 4B,few-shot,false,true,160.0,30.0,9.0,0.0,0
22,Gemma-SEA-LION v4 4B,structured-output,false,true,150.0,25.0,8.0,0.0,0
22,Gemma-SEA-LION v4 4B,zero-shot,false,true,150.0,30.0,8.0,0.0,0
22,Llama 3.2 3B Instruct,chain-of-thought,false,true,1200.0,200.0,60.0,0.0,0
22,Llama 3.2 3B Instruct,few-shot,false,true,500.0,30.0,30.0,40.0,8
22,Llama 3.2 3B Instruct,structured-output,false,true,0.0,10.0,0.0,0.0,0
22,Llama 3.2 3B Instruct,zero-shot,false,true,0.0,0.0,0.0,0.0,4
22,MedGemma 4B,chain-of-thought,false,true,280.0,25.0,16.0,0.0,0
22,MedGemma 4B,few-shot,false,true,300.0,30.0,20.0,0.0,0
22,MedGemma 4B,structured-output,false,true,150.0,20.0,8.0,0.0,0
22,MedGemma 4B,zero-shot,false,true,200.0,25.0,10.0,0.0,0
22,Phi-4-mini 3.8B Instruct,chain-of-thought,false,false,,,,,0
22,Phi-4-mini 3.8B Instruct,few-shot,false,false,,,,,0
22,Phi-4-mini 3.8B Instruct,structured-output,false,false,,,,,0
22,Phi-4-mini 3.8B Instruct,zero-shot,false,false,,,,,0
22,Qwen 2.5 3B Instruct,chain-of-thought,false,true,72.8,8.1,3.4,0.0,0
22,Qwen 2.5 3B Instruct,few-shot,false,true,,,,,0
22,Qwen 2.5 3B Instruct,structured-output,false,true,89.0,29.5,2.45,0.0,0
22,Qwen 2.5 3B Instruct,zero-shot,false,true,376.0,26.0,20.0,5.0,0
23,Gemma-SEA-LION v4 4B,chain-of-thought,false,true,1370.0,68.0,64.0,0.0,0
23,Gemma-SEA-LION v4 4B,few-shot,false,true,540.0,90.0,36.0,0.0,0
23,Gemma-SEA-LION v4 4B,structured-output,false,true,1200.0,75.0,60.0,0.0,0
23,Gemma-SEA-LION v4 4B,zero-shot,false,true,200.0,25.0,14.0,0.0,0
23,Llama 3.2 3B Instruct,chain-of-thought,false,true,375.0,30.5,25.5,0.0,0
23,Llama 3.2 3B Instruct,few-shot,false,true,200.0,25.0,10.0,0.0,0
23,Llama 3.2 3B Instruct,structured-output,false,true,0.0,100.0,0.0,0.0,0
23,Llama 3.2 3B Instruct,zero-shot,false,true,0.0,0.0,0.0,0.0,5
23,MedGemma 4B,chain-of-thought,false,true,165.0,24.7,9.7,0.0,0
23,MedGemma 4B,few-shot,false,true,250.0,35.0,15.0,0.0,0
23,MedGemma 4B,structured-output,false,true,250.0,27.0,14.6,0.0,0
23,MedGemma 4B,zero-shot,false,true,240.0,30.0,18.0,0.5,0
23,Phi-4-mini 3.8B Instruct,chain-of-thought,false,false,,,,,0
23,Phi-4-mini 3.8B Instruct,few-shot,false,false,,,,,0
23,Phi-4-mini 3.8B Instruct,structured-output,false,false,,,,,0
23,Phi-4-mini 3.8B Instruct,zero-shot,false,false,,,,,0
23,Qwen 2.5 3B Instruct,chain-of-thought,false,true,124.39,28.79,6.97,0.0,0
23,Qwen 2.5 3B Instruct,few-shot,false,true,250.0,13.0,21.0,1.0,9
23,Qwen 2.5 3B Instruct,structured-output,false,true,275.0,30.0,4.0,0.0,0
23,Qwen 2.5 3B Instruct,zero-shot,false,true,10.0,,,,0
24,Gemma-SEA-LION v4 4B,chain-of-thought,false,true,350.0,30.0,20.0,30.0,3
24,Gemma-SEA-LION v4 4B,few-shot,false,true,420.0,70.0,28.0,0.0,0
24,Gemma-SEA-LION v4 4B,structured-output,false,true,340.0,70.0,18.0,0.0,0
24,Gemma-SEA-LION v4 4B,zero-shot,false,true,350.0,30.0,20.0,30.0,3
24,Llama 3.2 3B Instruct,chain-of-thought,false,false,,,,,0
24,Llama 3.2 3B Instruct,few-shot,false,true,320.0,30.0,24.0,20.0,4
24,Llama 3.2 3B Instruct,structured-output,false,true,0.0,0.0,0.0,0.0,6
24,Llama 3.2 3B Instruct,zero-shot,false,true,0.0,0.0,0.0,0.0,2
24,MedGemma 4B,chain-of-thought,false,true,450.0,40.0,25.0,30.0,4
24,MedGemma 4B,few-shot,false,true,500.0,30.0,30.0,10.0,5
24,MedGemma 4B,structured-output,false,true,450.0,40.0,25.0,30.0,5
24,MedGemma 4B,zero-shot,false,true,350.0,25.0,12.0,15.0,4
24,Phi-4-mini 3.8B Instruct,chain-of-thought,false,false,,,,,0
24,Phi-4-mini 3.8B Instruct,few-shot,false,false,,,,,0
24,Phi-4-mini 3.8B Instruct,structured-output,false,false,,,,,0
24,Phi-4-mini 3.8B Instruct,zero-shot,false,false,,,,,0
24,Qwen 2.5 3B Instruct,chain-of-thought,false,true,246.0,25.88,15.87,35.88,2
24,Qwen 2.5 3B Instruct,few-shot,false,true,260.0,20.0,24.0,1.0,3
24,Qwen 2.5 3B Instruct,structured-output,false,true,0.0,0.0,0.0,0.0,2
24,Qwen 2.5 3B Instruct,zero-shot,false,true,0.0,0.0,0.0,0.0,2
25,Gemma-SEA-LION v4 4B,chain-of-thought,false,true,156.0,1.5,0.8,34.0,0
25,Gemma-SEA-LION v4 4B,few-shot,false,true,200.0,3.0,10.0,40.0,0
25,Gemma-SEA-LION v4 4B,structured-output,false,true,200.0,5.0,12.0,30.0,8
25,Gemma-SEA-LION v4 4B,zero-shot,false,true,150.0,2.0,2.0,30.0,0
25,Llama 3.2 3B Instruct,chain-of-thought,false,true,105.0,1.3,0.5,26.9,0
25,Llama 3.2 3B Instruct,few-shot,false,true,400.0,15.0,30.0,40.0,6
25,Llama 3.2 3B Instruct,structured-output,false,true,0.0,0.0,0.0,0.0,0
25,Llama 3.2 3B Instruct,zero-shot,false,true,60.0,1.0,0.4,13.0,0
25,MedGemma 4B,chain-of-thought,false,true,350.0,7.0,12.0,50.0,8
25,MedGemma 4B,few-shot,false,true,350.0,8.0,20.0,35.0,8
25,MedGemma 4B,structured-output,false,true,350.0,7.0,12.0,50.0,10
25,MedGemma 4B,zero-shot,false,true,350.0,8.0,12.0,45.0,8
25,Phi-4-mini 3.8B Instruct,chain-of-thought,false,false,,,,,0
25,Phi-4-mini 3.8B Instruct,few-shot,false,false,,,,,0
25,Phi-4-mini 3.8B Instruct,structured-output,false,false,,,,,0
25,Phi-4-mini 3.8B Instruct,zero-shot,false,false,,,,,0
25,Qwen 2.5 3B Instruct,chain-of-thought,false,true,274.0,6.2,9.8,27.4,6
25,Qwen 2.5 3B Instruct,few-shot,false,true,28.0,2.0,0.4,6.5,0
25,Qwen 2.5 3B Instruct,structured-output,false,true,0.0,0.0,0.0,0.0,0
25,Qwen 2.5 3B Instruct,zero-shot,false,true,0.0,0.0,0.0,0.0,4
26,Gemma-SEA-LION v4 4B,chain-of-thought,false,true,80.0,3.0,12.0,5.0,6
26,Gemma-SEA-LION v4 4B,few-shot,false,true,200.0,2.0,16.0,0.0,4
26,Gemma-SEA-LION v4 4B,structured-output,false,true,0.0,0.0,0.0,0.0,8
26,Gemma-SEA-LION v4 4B,zero-shot,false,true,120.0,0.0,12.0,0.0,0
26,Llama 3.2 3B Instruct,chain-of-thought,false,true,1200.0,0.0,138.0,0.0,0
26,Llama 3.2 3B Instruct,few-shot,false,true,320.0,14.0,24.0,30.0,4
26,Llama 3.2 3B Instruct,structured-output,false,true,190.0,0.0,21.85,0.0,0
26,Llama 3.2 3B Instruct,zero-shot,false,true,0.0,0.0,0.0,0.0,1
26,MedGemma 4B,chain-of-thought,false,true,250.0,5.0,15.0,20.0,10
26,MedGemma 4B,few-shot,false,true,250.0,13.0,21.0,1.0,3
26,MedGemma 4B,structured-output,false,true,250.0,6.0,30.0,2.0,10
26,MedGemma 4B,zero-shot,false,true,0.0,0.0,0.0,0.0,10
26,Phi-4-mini 3.8B Instruct,chain-of-thought,false,false,,,,,0
26,Phi-4-mini 3.8B Instruct,few-shot,false,false,,,,,0
26,Phi-4-mini 3.8B Instruct,structured-output,false,false,,,,,0
26,Phi-4-mini 3.8B Instruct,zero-shot,false,false,,,,,0
26,Qwen 2.5 3B Instruct,chain-of-thought,false,true,696.0,15.0,29.4,69.0,2
26,Qwen 2.5 3B Instruct,few-shot,false,true,200.0,8.0,15.0,2.0,8
26,Qwen 2.5 3B Instruct,structured-output,false,true,0.0,0.0,0.0,0.0,4
26,Qwen 2.5 3B Instruct,zero-shot,false,true,0.0,0.0,0.0,0.0,1
27,Gemma-SEA-LION v4 4B,chain-of-thought,false,true,450.0,30.0,20.0,60.0,6
27,Gemma-SEA-LION v4 4B,few-shot,false,true,450.0,20.0,28.0,54.0,4
27,Gemma-SEA-LION v4 4B,structured-output,false,true,190.0,5.0,3.0,27.0,0
27,Gemma-SEA-LION v4 4B,zero-shot,false,true,350.0,12.0,15.0,60.0,6
27,Llama 3.2 3B Instruct,chain-of-thought,false,true,5000.0,300.0,250.0,1500.0,4
27,Llama 3.2 3B Instruct,few-shot,false,true,300.0,15.0,20.0,40.0,4
27,Llama 3.2 3B Instruct,structured-output,false,true,100.0,3.0,2.0,25.0,0
27,Llama 3.2 3B Instruct,zero-shot,false,true,0.0,25.0,0.0,40.0,3
27,MedGemma 4B,chain-of-thought,false,true,390.0,16.0,6.0,58.0,0
27,MedGemma 4B,few-shot,false,true,165.0,14.0,4.0,27.0,0
27,MedGemma 4B,structured-output,false,true,250.0,15.0,8.0,40.0,0
27,MedGemma 4B,zero-shot,false,true,150.0,6.0,2.0,27.0,0
27,Phi-4-mini 3.8B Instruct,chain-of-thought,false,false,,,,,0
27,Phi-4-mini 3.8B Instruct,few-shot,false,false,,,,,0
27,Phi-4-mini 3.8B Instruct,structured-output,false,false,,,,,0
27,Phi-4-mini 3.8B Instruct,zero-shot,false,false,,,,,0
27,Qwen 2.5 3B Instruct,chain-of-thought,false,true,246.0,13.53,9.08,24.67,7
27,Qwen 2.5 3B Instruct,few-shot,false,true,360.0,17.5,24.0,3.0,8
27,Qwen 2.5 3B Instruct,structured-output,false,true,120.0,0.0,12.0,0.0,0
27,Qwen 2.5 3B Instruct,zero-shot,false,true,0.0,0.0,0.0,0.0,5
28,Gemma-SEA-LION v4 4B,chain-of-thought,false,true,250.0,6.0,12.0,40.0,4
28,Gemma-SEA-LION v4 4B,few-shot,false,true,250.0,6.0,13.0,45.0,4
28,Gemma-SEA-LION v4 4B,structured-output,false,true,200.0,4.0,8.0,35.0,5
28,Gemma-SEA-LION v4 4B,zero-shot,false,true,250.0,6.0,9.0,45.0,4
28,Llama 3.2 3B Instruct,chain-of-thought,false,true,20.0,1.0,0.5,5.0,0
28,Llama 3.2 3B Instruct,few-shot,false,true,150.0,3.0,5.0,30.0,4
28,Llama 3.2 3B Instruct,structured-output,false,true,0.0,0.0,0.0,0.0,5
28,Llama 3.2 3B Instruct,zero-shot,false,true,0.0,0.0,0.0,0.0,3
28,MedGemma 4B,chain-of-thought,false,true,250.0,5.0,5.0,45.0,8
28,MedGemma 4B,few-shot,false,true,250.0,4.0,6.0,45.0,4
28,MedGemma 4B,structured-output,false,true,250.0,5.0,7.0,45.0,4
28,MedGemma 4B,zero-shot,false,true,250.0,6.0,8.0,45.0,5
28,Phi-4-mini 3.8B Instruct,chain-of-thought,false,false,,,,,0
28,Phi-4-mini 3.8B Instruct,few-shot,false,false,,,,,0
28,Phi-4-mini 3.8B Instruct,structured-output,false,false,,,,,0
28,Phi-4-mini 3.8B Instruct,zero-shot,false,false,,,,,0
28,Qwen 2.5 3B Instruct,chain-of-thought,false,true,185.0,3.4,7.64,18.5,2
28,Qwen 2.5 3B Instruct,few-shot,false,true,230.0,4.0,17.0,39.0,4
28,Qwen 2.5 3B Instruct,structured-output,false,true,0.0,0.0,0.0,0.0,4
28,Qwen 2.5 3B Instruct,zero-shot,false,true,0.0,0.0,0.0,0.0,3
29,Gemma-SEA-LION v4 4B,chain-of-thought,false,true,250.0,6.0,18.0,32.0,7
29,Gemma-SEA-LION v4 4B,few-shot,false,true,120.0,0.0,14.0,0.0,0
29,Gemma-SEA-LION v4 4B,structured-output,false,true,250.0,6.0,18.0,27.0,9
29,Gemma-SEA-LION v4 4B,zero-shot,false,true,0.0,0.0,0.0,0.0,7
29,Llama 3.2 3B Instruct,chain-of-thought,false,true,320.0,4.0,24.0,32.0,5
29,Llama 3.2 3B Instruct,few-shot,false,true,240.0,10.0,22.0,30.0,6
29,Llama 3.2 3B Instruct,structured-output,false,true,0.0,0.0,0.0,0.0,4
29,Llama 3.2 3B Instruct,zero-shot,false,true,1154.56,8.1,70.0,136.2,0
29,MedGemma 4B,chain-of-thought,false,true,250.0,4.0,15.0,25.0,7
29,MedGemma 4B,few-shot,false,true,300.0,8.0,20.0,30.0,8
29,MedGemma 4B,structured-output,false,true,250.0,4.0,15.0,25.0,6
29,MedGemma 4B,zero-shot,false,true,250.0,4.0,15.0,25.0,12
29,Phi-4-mini 3.8B Instruct,chain-of-thought,false,false,,,,,0
29,Phi-4-mini 3.8B Instruct,few-shot,false,false,,,,,0
29,Phi-4-mini 3.8B Instruct,structured-output,false,false,,,,,0
29,Phi-4-mini 3.8B Instruct,zero-shot,false,false,,,,,0
29,Qwen 2.5 3B Instruct,chain-of-thought,false,true,274.0,1.9,8.5,27.4,7
29,Qwen 2.5 3B Instruct,few-shot,false,true,250.0,13.0,21.0,1.0,5
29,Qwen 2.5 3B Instruct,structured-output,false,true,0.0,0.0,0.0,0.0,10
29,Qwen 2.5 3B Instruct,zero-shot,false,true,0.0,0.0,0.0,0.0,9
30,Gemma-SEA-LION v4 4B,chain-of-thought,false,true,250.0,4.0,12.0,30.0,4
30,Gemma-SEA-LION v4 4B,few-shot,false,true,350.0,4.0,18.0,35.0,3
30,Gemma-SEA-LION v4 4B,structured-output,false,true,200.0,4.0,8.0,30.0,4
30,Gemma-SEA-LION v4 4B,zero-shot,false,true,250.0,4.0,12.0,30.0,4
30,Llama 3.2 3B Instruct,chain-of-thought,false,true,320.0,3.2,15.8,39.5,4
30,Llama 3.2 3B Instruct,few-shot,false,true,300.0,5.0,20.0,30.0,6
30,Llama 3.2 3B Instruct,structured-output,false,true,0.0,0.0,0.0,0.0,3
30,Llama 3.2 3B Instruct,zero-shot,false,true,0.0,0.0,0.0,0.0,1
30,MedGemma 4B,chain-of-thought,false,true,250.0,4.0,8.0,35.0,5
30,MedGemma 4B,few-shot,false,true,350.0,6.0,12.0,45.0,4
30,MedGemma 4B,structured-output,false,true,250.0,4.0,8.0,35.0,4
30,MedGemma 4B,zero-shot,false,true,250.0,4.0,8.0,25.0,5
30,Phi-4-mini 3.8B Instruct,chain-of-thought,false,false,,,,,0
30,Phi-4-mini 3.8B Instruct,few-shot,false,false,,,,,0
30,Phi-4-mini 3.8B Instruct,structured-output,false,false,,,,,0
30,Phi-4-mini 3.8B Instruct,zero-shot,false,false,,,,,0
30,Qwen 2.5 3B Instruct,chain-of-thought,false,true,259.0,2.4,4.7,38.5,2
30,Qwen 2.5 3B Instruct,few-shot,false,true,270.0,3.0,16.0,2.0,3
30,Qwen 2.5 3B Instruct,structured-output,false,true,0.0,0.0,0.0,0.0,3
30,Qwen 2.5 3B Instruct,zero-shot,false,true,0.0,0.0,0.0,0.0,2
31,Gemma-SEA-LION v4 4B,chain-of-thought,false,true,800.0,30.0,50.0,80.0,7
31,Gemma-SEA-LION v4 4B,few-shot,false,true,800.0,30.0,50.0,60.0,6
31,Gemma-SEA-LION v4 4B,structured-output,false,true,800.0,30.0,50.0,100.0,7
31,Gemma-SEA-LION v4 4B,zero-shot,false,true,800.0,30.0,50.0,120.0,6
31,Llama 3.2 3B Instruct,chain-of-thought,false,true,160.0,2.9,7.3,32.6,0
31,Llama 3.2 3B Instruct,few-shot,false,true,500.0,30.0,45.0,60.0,4
31,Llama 3.2 3B Instruct,structured-output,false,true,0.0,2.0,0.0,30.0,0
31,Llama 3.2 3B Instruct,zero-shot,false,true,0.0,0.0,0.0,0.0,4
31,MedGemma 4B,chain-of-thought,false,true,150.0,6.0,6.0,30.0,0
31,MedGemma 4B,few-shot,false,true,800.0,30.0,50.0,80.0,9
31,MedGemma 4B,structured-output,false,true,180.0,8.3,9.6,56.1,0
31,MedGemma 4B,zero-shot,false,true,300.0,10.0,15.0,30.0,0
31,Phi-4-mini 3.8B Instruct,chain-of-thought,false,false,,,,,0
31,Phi-4-mini 3.8B Instruct,few-shot,false,false,,,,,0
31,Phi-4-mini 3.8B Instruct,structured-output,false,false,,,,,0
31,Phi-4-mini 3.8B Instruct,zero-shot,false,false,,,,,0
31,Qwen 2.5 3B Instruct,chain-of-thought,false,true,1077.0,23.8,32.9,94.6,11
31,Qwen 2.5 3B Instruct,few-shot,false,true,340.0,16.0,26.0,4.0,9
31,Qwen 2.5 3B Instruct,structured-output,false,true,0.0,0.0,0.0,0.0,12
31,Qwen 2.5 3B Instruct,zero-shot,false,true,0.0,0.0,0.0,0.0,6
32,Gemma-SEA-LION v4 4B,chain-of-thought,false,true,80.0,3.0,35.0,2.0,9
32,Gemma-SEA-LION v4 4B,few-shot,false,true,200.0,0.0,23.0,0.0,9
32,Gemma-SEA-LION v4 4B,structured-output,false,true,0.0,0.0,0.0,0.0,9
32,Gemma-SEA-LION v4 4B,zero-shot,false,true,80.0,2.0,45.0,3.0,7
32,Llama 3.2 3B Instruct,chain-of-thought,false,true,3.2,0.0,0.1,0.7,0
32,Llama 3.2 3B Instruct,few-shot,false,true,0.0,0.0,0.0,0.0,0
32,Llama 3.2 3B Instruct,structured-output,false,true,0.0,0.0,0.0,0.0,0
32,Llama 3.2 3B Instruct,zero-shot,false,true,0.0,0.0,0.0,0.0,1
32,MedGemma 4B,chain-of-thought,false,true,840.0,0.0,100.0,0.0,0
32,MedGemma 4B,few-shot,false,true,200.0,2.0,25.0,0.0,9
32,MedGemma 4B,structured-output,false,true,120.0,0.0,15.0,0.0,0
32,MedGemma 4B,zero-shot,false,true,0.0,0.0,0.0,0.0,0
32,Phi-4-mini 3.8B Instruct,chain-of-thought,false,false,,,,,0
32,Phi-4-mini 3.8B Instruct,few-shot,false,false,,,,,0
32,Phi-4-mini 3.8B Instruct,structured-output,false,false,,,,,0
32,Phi-4-mini 3.8B Instruct,zero-shot,false,false,,,,,0
32,Qwen 2.5 3B Instruct,chain-of-thought,false,true,0.0,0.0,0.0,0.0,6
32,Qwen 2.5 3B Instruct,few-shot,false,true,189.0,13.0,14.0,1.0,0
32,Qwen 2.5 3B Instruct,structured-output,false,true,0.0,0.0,0.0,0.0,0
32,Qwen 2.5 3B Instruct,zero-shot,false,true,23.0,1.5,0.1,0.2,0
33,Gemma-SEA-LION v4 4B,chain-of-thought,false,true,250.0,5.0,12.0,40.0,4
33,Gemma-SEA-LION v4 4B,few-shot,false,true,250.0,6.0,18.0,30.0,4
33,Gemma-SEA-LION v4 4B,structured-output,false,true,250.0,8.0,18.0,37.0,4
33,Gemma-SEA-LION v4 4B,zero-shot,false,true,200.0,6.0,15.0,30.0,4
33,Llama 3.2 3B Instruct,chain-of-thought,false,true,110.0,4.0,4.5,20.0,0
33,Llama 3.2 3B Instruct,few-shot,false,true,320.0,8.0,30.0,35.0,4
33,Llama 3.2 3B Instruct,structured-output,false,true,110.0,5.0,2.5,20.0,0
33,Llama 3.2 3B Instruct,zero-shot,false,true,450.0,10.0,30.0,60.0,4
33,MedGemma 4B,chain-of-thought,false,true,350.0,6.0,12.0,45.0,4
33,MedGemma 4B,few-shot,false,true,350.0,8.0,16.0,50.0,4
33,MedGemma 4B,structured-output,false,true,350.0,6.0,12.0,50.0,4
33,MedGemma 4B,zero-shot,false,true,250.0,4.0,8.0,35.0,4
33,Phi-4-mini 3.8B Instruct,chain-of-thought,false,false,,,,,0
33,Phi-4-mini 3.8B Instruct,few-shot,false,false,,,,,0
33,Phi-4-mini 3.8B Instruct,structured-output,false,false,,,,,0
33,Phi-4-mini 3.8B Instruct,zero-shot,false,false,,,,,0
33,Qwen 2.5 3B Instruct,chain-of-thought,false,true,59.0,3.0,4.6,7.8,0
33,Qwen 2.5 3B Instruct,few-shot,false,true,205.0,13.0,17.0,1.0,4
33,Qwen 2.5 3B Instruct,structured-output,false,true,0.0,0.0,0.0,0.0,4
33,Qwen 2.5 3B Instruct,zero-shot,false,true,0.0,0.0,0.0,0.0,4
34,Gemma-SEA-LION v4 4B,chain-of-thought,false,true,180.0,30.0,9.0,0.0,0
34,Gemma-SEA-LION v4 4B,few-shot,false,true,320.0,35.0,18.0,0.0,0
34,Gemma-SEA-LION v4 4B,structured-output,false,true,160.0,30.0,8.0,0.0,0
34,Gemma-SEA-LION v4 4B,zero-shot,false,true,200.0,30.0,10.0,0.0,0
34,Llama 3.2 3B Instruct,chain-of-thought,false,true,140.0,31.0,3.5,0.0,0
34,Llama 3.2 3B Instruct,few-shot,false,true,400.0,30.0,20.0,60.0,3
34,Llama 3.2 3B Instruct,structured-output,false,true,0.0,30.0,0.0,0.0,0
34,Llama 3.2 3B Instruct,zero-shot,false,true,100.0,30.0,3.5,0.0,0
34,MedGemma 4B,chain-of-thought,false,true,400.0,40.0,20.0,0.0,0
34,MedGemma 4B,few-shot,false,true,350.0,45.0,18.0,0.0,0
34,MedGemma 4B,structured-output,false,true,300.0,25.0,8.0,0.0,0
34,MedGemma 4B,zero-shot,false,true,375.0,35.0,28.0,0.0,0
34,Phi-4-mini 3.8B Instruct,chain-of-thought,false,false,,,,,0
34,Phi-4-mini 3.8B Instruct,few-shot,false,false,,,,,0
34,Phi-4-mini 3.8B Instruct,structured-output,false,false,,,,,0
34,Phi-4-mini 3.8B Instruct,zero-shot,false,false,,,,,0
34,Qwen 2.5 3B Instruct,chain-of-thought,false,true,168.7,30.7,9.34,0.0,0
34,Qwen 2.5 3B Instruct,few-shot,false,true,,,,,0
34,Qwen 2.5 3B Instruct,structured-output,false,true,341.0,36.4,22.98,3.3,0
34,Qwen 2.5 3B Instruct,zero-shot,false,true,0.0,0.0,0.0,0.0,8
35,Gemma-SEA-LION v4 4B,chain-of-thought,false,true,450.0,40.0,30.0,30.0,8
35,Gemma-SEA-LION v4 4B,few-shot,false,true,450.0,40.0,30.0,25.0,8
35,Gemma-SEA-LION v4 4B,structured-output,false,true,600.0,140.0,35.0,0.0,0
35,Gemma-SEA-LION v4 4B,zero-shot,false,true,600.0,80.0,30.0,0.0,0
35,Llama 3.2 3B Instruct,chain-of-thought,false,true,1200.0,10.0,60.0,24.0,0
35,Llama 3.2 3B Instruct,few-shot,false,true,350.0,40.0,30.0,20.0,2
35,Llama 3.2 3B Instruct,structured-output,false,true,2000.0,150.0,100.0,50.0,0
35,Llama 3.2 3B Instruct,zero-shot,false,true,0.0,15.0,3.0,0.0,0
35,MedGemma 4B,chain-of-thought,false,true,500.0,40.0,25.0,30.0,9
35,MedGemma 4B,few-shot,false,true,350.0,35.0,25.0,3.0,0
35,MedGemma 4B,structured-output,false,true,746.0,53.1,35.9,64.3,8
35,MedGemma 4B,zero-shot,false,true,750.0,40.0,30.0,50.0,8
35,Phi-4-mini 3.8B Instruct,chain-of-thought,false,false,,,,,0
35,Phi-4-mini 3.8B Instruct,few-shot,false,false,,,,,0
35,Phi-4-mini 3.8B Instruct,structured-output,false,false,,,,,0
35,Phi-4-mini 3.8B Instruct,zero-shot,false,false,,,,,0
35,Qwen 2.5 3B Instruct,chain-of-thought,false,true,146.0,19.7,9.3,8.5,0
35,Qwen 2.5 3B Instruct,few-shot,false,true,300.0,20.0,25.0,1.0,8
35,Qwen 2.5 3B Instruct,structured-output,false,true,0.0,0.0,0.0,0.0,2
35,Qwen 2.5 3B Instruct,zero-shot,false,true,0.0,0.0,0.0,0.0,4
36,Gemma-SEA-LION v4 4B,chain-of-thought,false,true,100.0,0.0,11.0,0.0,0
36,Gemma-SEA-LION v4 4B,few-shot,false,true,104.0,0.0,11.0,0.0,0
36,Gemma-SEA-LION v4 4B,structured-output,false,true,98.0,0.0,23.0,0.0,0
36,Gemma-SEA-LION v4 4B,zero-shot,false,true,90.0,0.0,23.0,0.0,0
36,Llama 3.2 3B Instruct,chain-of-thought,false,true,450.0,0.0,51.5,0.0,0
36,Llama 3.2 3B Instruct,few-shot,false,true,120.0,0.0,14.0,0.0,0
36,Llama 3.2 3B Instruct,structured-output,false,true,40.0,1.0,0.0,10.0,0
36,Llama 3.2 3B Instruct,zero-shot,false,true,192.0,0.0,18.2,0.0,0
36,MedGemma 4B,chain-of-thought,false,true,200.0,0.0,23.0,0.0,0
36,MedGemma 4B,few-shot,false,true,260.0,0.0,28.0,0.0,0
36,MedGemma 4B,structured-output,false,true,110.0,0.0,13.0,0.0,0
36,MedGemma 4B,zero-shot,false,true,204.0,0.4,26.0,0.1,0
36,Phi-4-mini 3.8B Instruct,chain-of-thought,false,false,,,,,0
36,Phi-4-mini 3.8B Instruct,few-shot,false,false,,,,,0
36,Phi-4-mini 3.8B Instruct,structured-output,false,false,,,,,0
36,Phi-4-mini 3.8B Instruct,zero-shot,false,false,,,,,0
36,Qwen 2.5 3B Instruct,chain-of-thought,false,true,102.0,0.0,8.25,0.0,0
36,Qwen 2.5 3B Instruct,few-shot,false,true,4.0,,,,0
36,Qwen 2.5 3B Instruct,structured-output,false,true,576.0,0.0,54.0,0.0,0
36,Qwen 2.5 3B Instruct,zero-shot,false,true,0.0,0.0,0.0,0.0,1
37,Gemma-SEA-LION v4 4B,chain-of-thought,false,true,190.0,8.0,16.0,7.0,0
37,Gemma-SEA-LION v4 4B,few-shot,false,true,600.0,18.0,35.0,70.0,7
37,Gemma-SEA-LION v4 4B,structured-output,false,true,400.0,15.0,25.0,50.0,8
37,Gemma-SEA-LION v4 4B,zero-shot,false,true,350.0,15.0,25.0,40.0,8
37,Llama 3.2 3B Instruct,chain-of-thought,false,false,,,,,0
37,Llama 3.2 3B Instruct,few-shot,false,true,190.0,8.0,16.0,8.0,0
37,Llama 3.2 3B Instruct,structured-output,false,true,720.0,8.0,72.8,32.0,0
37,Llama 3.2 3B Instruct,zero-shot,false,true,0.0,5.0,0.0,100.0,7
37,MedGemma 4B,chain-of-thought,false,true,900.0,7.0,8.0,4.0,0
37,MedGemma 4B,few-shot,false,true,490.0,15.0,35.0,8.0,0
37,MedGemma 4B,structured-output,false,true,900.0,8.0,9.0,7.0,0
37,MedGemma 4B,zero-shot,false,true,900.0,8.0,16.0,7.0,0
37,Phi-4-mini 3.8B Instruct,chain-of-thought,false,false,,,,,0
37,Phi-4-mini 3.8B Instruct,few-shot,false,false,,,,,0
37,Phi-4-mini 3.8B Instruct,structured-output,false,false,,,,,0
37,Phi-4-mini 3.8B Instruct,zero-shot,false,false,,,,,0
37,Qwen 2.5 3B Instruct,chain-of-thought,false,true,254.0,6.0,9.8,45.0,3
37,Qwen 2.5 3B Instruct,few-shot,false,true,250.0,13.0,21.0,1.0,12
37,Qwen 2.5 3B Instruct,structured-output,false,true,0.0,0.0,0.0,0.0,7
37,Qwen 2.5 3B Instruct,zero-shot,false,true,0.0,0.0,0.0,0.0,7
38,Gemma-SEA-LION v4 4B,chain-of-thought,false,true,60.0,1.0,0.5,12.0,0
38,Gemma-SEA-LION v4 4B,few-shot,false,true,600.0,30.0,38.0,70.0,8
38,Gemma-SEA-LION v4 4B,structured-output,false,true,60.0,2.0,10.0,12.0,0
38,Gemma-SEA-LION v4 4B,zero-shot,false,true,600.0,25.0,35.0,60.0,8
38,Llama 3.2 3B Instruct,chain-of-thought,false,true,25.6,1.6,0.2,5.7,0
38,Llama 3.2 3B Instruct,few-shot,false,true,450.0,30.0,35.0,50.0,4
38,Llama 3.2 3B Instruct,structured-output,false,true,40.0,1.2,0.0,9.6,0
38,Llama 3.2 3B Instruct,zero-shot,false,true,0.0,0.0,0.0,0.0,8
38,MedGemma 4B,chain-of-thought,false,true,20.0,0.5,0.5,4.0,0
38,MedGemma 4B,few-shot,false,true,600.0,30.0,35.0,60.0,8
38,MedGemma 4B,structured-output,false,true,260.0,4.0,2.3,16.0,0
38,MedGemma 4B,zero-shot,false,true,20.0,1.0,0.5,8.0,0
38,Phi-4-mini 3.8B Instruct,chain-of-thought,false,false,,,,,0
38,Phi-4-mini 3.8B Instruct,few-shot,false,false,,,,,0
38,Phi-4-mini 3.8B Instruct,structured-output,false,false,,,,,0
38,Phi-4-mini 3.8B Instruct,zero-shot,false,false,,,,,0
38,Qwen 2.5 3B Instruct,chain-of-thought,false,true,278.0,2.8,9.6,17.1,6
38,Qwen 2.5 3B Instruct,few-shot,false,true,165.0,16.0,8.5,2.5,0
38,Qwen 2.5 3B Instruct,structured-output,false,true,0.0,0.0,0.0,0.0,3
38,Qwen 2.5 3B Instruct,zero-shot,false,true,0.0,0.0,0.0,0.0,13
39,Gemma-SEA-LION v4 4B,chain-of-thought,false,true,450.0,20.0,25.0,80.0,8
39,Gemma-SEA-LION v4 4B,few-shot,false,true,1200.0,50.0,70.0,160.0,8
39,Gemma-SEA-LION v4 4B,structured-output,false,true,130.0,9.0,10.0,1.0,0
39,Gemma-SEA-LION v4 4B,zero-shot,false,true,400.0,20.0,25.0,60.0,7
39,Llama 3.2 3B Instruct,chain-of-thought,false,true,140.0,12.0,5.0,0.0,0
39,Llama 3.2 3B Instruct,few-shot,false,true,500.0,20.0,40.0,60.0,7
39,Llama 3.2 3B Instruct,structured-output,false,true,0.0,0.0,0.0,0.0,6
39,Llama 3.2 3B Instruct,zero-shot,false,true,0.0,0.0,0.0,0.0,3
39,MedGemma 4B,chain-of-thought,false,true,530.0,18.0,12.0,75.0,8
39,MedGemma 4B,few-shot,false,true,600.0,25.0,25.0,60.0,8
39,MedGemma 4B,structured-output,false,true,156.0,13.0,12.0,1.0,0
39,MedGemma 4B,zero-shot,false,true,350.0,18.0,12.0,45.0,10
39,Phi-4-mini 3.8B Instruct,chain-of-thought,false,false,,,,,0
39,Phi-4-mini 3.8B Instruct,few-shot,false,false,,,,,0
39,Phi-4-mini 3.8B Instruct,structured-output,false,false,,,,,0
39,Phi-4-mini 3.8B Instruct,zero-shot,false,false,,,,,0
39,Qwen 2.5 3B Instruct,chain-of-thought,false,true,1283.7,31.5,45.9,144.6,6
39,Qwen 2.5 3B Instruct,few-shot,false,true,240.0,2.8,2.0,51.0,0
39,Qwen 2.5 3B Instruct,structured-output,false,true,8.92,0.39,0.17,3.64,0
39,Qwen 2.5 3B Instruct,zero-shot,false,true,0.0,0.0,0.0,0.0,4
40,Gemma-SEA-LION v4 4B,chain-of-thought,false,true,160.0,32.0,4.0,0.0,0
40,Gemma-SEA-LION v4 4B,few-shot,false,true,416.0,84.0,25.0,0.0,0
40,Gemma-SEA-LION v4 4B,structured-output,false,true,300.0,40.0,18.0,0.0,0
40,Gemma-SEA-LION v4 4B,zero-shot,false,true,160.0,26.0,8.0,0.0,0
40,Llama 3.2 3B Instruct,chain-of-thought,false,true,180.0,30.0,6.0,0.0,0
40,Llama 3.2 3B Instruct,few-shot,false,true,450.0,30.0,30.0,20.0,3
40,Llama 3.2 3B Instruct,structured-output,false,true,360.0,60.0,12.0,0.0,0
40,Llama 3.2 3B Instruct,zero-shot,false,true,0.0,0.0,0.0,0.0,4
40,MedGemma 4B,chain-of-thought,false,true,382.0,53.0,27.0,0.0,0
40,MedGemma 4B,few-shot,false,true,450.0,40.0,28.0,1.0,0
40,MedGemma 4B,structured-output,false,true,430.0,40.0,28.0,0.0,0
40,MedGemma 4B,zero-shot,false,true,650.0,45.0,35.0,60.0,10
40,Phi-4-mini 3.8B Instruct,chain-of-thought,false,false,,,,,0
40,Phi-4-mini 3.8B Instruct,few-shot,false,false,,,,,0
40,Phi-4-mini 3.8B Instruct,structured-output,false,false,,,,,0
40,Phi-4-mini 3.8B Instruct,zero-shot,false,false,,,,,0
40,Qwen 2.5 3B Instruct,chain-of-thought,false,true,174.0,31.7,6.8,0.0,0
40,Qwen 2.5 3B Instruct,few-shot,false,true,279.0,38.0,18.0,1.0,0
40,Qwen 2.5 3B Instruct,structured-output,false,true,0.0,0.0,0.0,0.0,5
40,Qwen 2.5 3B Instruct,zero-shot,false,true,284.0,8.3,3.7,59.2,0
41,Gemma-SEA-LION v4 4B,chain-of-thought,false,true,450.0,18.0,28.0,50.0,8
41,Gemma-SEA-LION v4 4B,few-shot,false,true,600.0,20.0,40.0,60.0,8
41,Gemma-SEA-LION v4 4B,structured-output,false,true,900.0,24.0,72.0,7.0,0
41,Gemma-SEA-LION v4 4B,zero-shot,false,true,300.0,12.0,25.0,40.0,8
41,Llama 3.2 3B Instruct,chain-of-thought,false,true,190.0,8.0,16.0,8.0,0
41,Llama 3.2 3B Instruct,few-shot,false,true,450.0,20.0,35.0,60.0,11
41,Llama 3.2 3B Instruct,structured-output,false,true,190.0,8.0,16.5,8.0,0
41,Llama 3.2 3B Instruct,zero-shot,false,true,450.0,7.0,24.0,10.0,0
41,MedGemma 4B,chain-of-thought,false,true,900.0,7.0,8.0,6.0,0
41,MedGemma 4B,few-shot,false,true,300.0,17.0,18.0,10.0,0
41,MedGemma 4B,structured-output,false,true,900.0,8.0,8.0,4.0,0
41,MedGemma 4B,zero-shot,false,true,190.0,6.0,16.0,7.0,0
41,Phi-4-mini 3.8B Instruct,chain-of-thought,false,false,,,,,0
41,Phi-4-mini 3.8B Instruct,few-shot,false,false,,,,,0
41,Phi-4-mini 3.8B Instruct,structured-output,false,false,,,,,0
41,Phi-4-mini 3.8B Instruct,zero-shot,false,false,,,,,0
41,Qwen 2.5 3B Instruct,chain-of-thought,false,true,0.0,0.0,0.0,0.0,7
41,Qwen 2.5 3B Instruct,few-shot,false,true,250.0,13.0,21.0,1.0,7
41,Qwen 2.5 3B Instruct,structured-output,false,true,0.0,0.0,0.0,0.0,8
41,Qwen 2.5 3B Instruct,zero-shot,false,true,0.0,0.0,0.0,0.0,1
43,Gemma-SEA-LION v4 4B,chain-of-thought,false,true,248.0,60.0,17.0,0.0,0
43,Gemma-SEA-LION v4 4B,few-shot,false,true,650.0,110.0,47.0,0.0,0
43,Gemma-SEA-LION v4 4B,structured-output,false,true,450.0,80.0,30.0,0.0,0
43,Gemma-SEA-LION v4 4B,zero-shot,false,true,400.0,80.0,25.0,0.0,0
43,Llama 3.2 3B Instruct,chain-of-thought,false,true,10.0,,0.9,2.0,0
43,Llama 3.2 3B Instruct,few-shot,false,true,500.0,40.0,30.0,60.0,6
43,Llama 3.2 3B Instruct,structured-output,false,true,0.0,40.0,20.0,0.0,0
43,Llama 3.2 3B Instruct,zero-shot,false,true,0.0,0.0,0.0,0.0,3
43,MedGemma 4B,chain-of-thought,false,true,270.0,45.0,23.0,0.0,0
43,MedGemma 4B,few-shot,false,true,2500.0,70.0,200.0,10.0,0
43,MedGemma 4B,structured-output,false,true,250.0,25.0,15.0,0.0,0
43,MedGemma 4B,zero-shot,false,true,250.0,40.0,20.0,0.0,0
43,Phi-4-mini 3.8B Instruct,chain-of-thought,false,false,,,,,0
43,Phi-4-mini 3.8B Instruct,few-shot,false,false,,,,,0
43,Phi-4-mini 3.8B Instruct,structured-output,false,false,,,,,0
43,Phi-4-mini 3.8B Instruct,zero-shot,false,false,,,,,0
43,Qwen 2.5 3B Instruct,chain-of-thought,false,true,149.68,34.68,3.7,0.0,0
43,Qwen 2.5 3B Instruct,few-shot,false,true,144.0,13.0,10.0,1.0,0
43,Qwen 2.5 3B Instruct,structured-output,false,true,239.0,22.0,8.0,0.0,0
43,Qwen 2.5 3B Instruct,zero-shot,false,true,0.0,0.0,0.0,0.0,6
44,Gemma-SEA-LION v4 4B,chain-of-thought,false,true,160.0,35.0,10.0,0.0,0
44,Gemma-SEA-LION v4 4B,few-shot,false,true,200.0,35.0,14.0,0.0,0
44,Gemma-SEA-LION v4 4B,structured-output,false,true,160.0,25.0,9.0,0.0,0
44,Gemma-SEA-LION v4 4B,zero-shot,false,true,160.0,25.0,9.0,0.0,0
44,Llama 3.2 3B Instruct,chain-of-thought,false,true,1800.0,140.0,120.0,160.0,8
44,Llama 3.2 3B Instruct,few-shot,false,true,500.0,35.0,35.0,20.0,9
44,Llama 3.2 3B Instruct,structured-output,false,true,0.0,40.0,0.0,0.0,0
44,Llama 3.2 3B Instruct,zero-shot,false,true,1200.0,50.0,80.0,60.0,5
44,MedGemma 4B,chain-of-thought,false,true,250.0,25.0,15.0,0.0,0
44,MedGemma 4B,few-shot,false,true,280.0,30.0,18.0,0.0,0
44,MedGemma 4B,structured-output,false,true,280.0,25.0,14.0,0.0,0
44,MedGemma 4B,zero-shot,false,true,260.0,25.0,14.0,0.0,0
44,Phi-4-mini 3.8B Instruct,chain-of-thought,false,false,,,,,0
44,Phi-4-mini 3.8B Instruct,few-shot,false,false,,,,,0
44,Phi-4-mini 3.8B Instruct,structured-output,false,false,,,,,0
44,Phi-4-mini 3.8B Instruct,zero-shot,false,false,,,,,0
44,Qwen 2.5 3B Instruct,chain-of-thought,false,true,246.9,25.7,8.7,2.4,0
44,Qwen 2.5 3B Instruct,few-shot,false,true,350.0,18.0,21.0,5.0,12
44,Qwen 2.5 3B Instruct,structured-output,false,true,0.0,0.0,0.0,0.0,14
44,Qwen 2.5 3B Instruct,zero-shot,false,true,0.0,0.0,0.0,0.0,12
46,Gemma-SEA-LION v4 4B,chain-of-thought,false,true,650.0,40.0,45.0,60.0,8
46,Gemma-SEA-LION v4 4B,few-shot,false,true,750.0,60.0,62.0,50.0,8
46,Gemma-SEA-LION v4 4B,structured-output,false,true,300.0,30.0,15.0,0.0,0
46,Gemma-SEA-LION v4 4B,zero-shot,false,true,300.0,40.0,15.0,0.0,0
46,Llama 3.2 3B Instruct,chain-of-thought,false,true,120.0,24.0,8.4,0.0,0
46,Llama 3.2 3B Instruct,few-shot,false,true,500.0,40.0,35.0,30.0,3
46,Llama 3.2 3B Instruct,structured-output,false,true,360.0,30.0,20.0,0.0,0
46,Llama 3.2 3B Instruct,zero-shot,false,true,140.0,30.0,3.5,0.0,0
46,MedGemma 4B,chain-of-thought,false,true,450.0,40.0,30.0,0.0,0
46,MedGemma 4B,few-shot,false,true,650.0,50.0,42.0,60.0,8
46,MedGemma 4B,structured-output,false,true,400.0,40.0,25.0,0.0,0
46,MedGemma 4B,zero-shot,false,true,350.0,30.0,20.0,0.0,0
46,Phi-4-mini 3.8B Instruct,chain-of-thought,false,false,,,,,0
46,Phi-4-mini 3.8B Instruct,few-shot,false,false,,,,,0
46,Phi-4-mini 3.8B Instruct,structured-output,false,false,,,,,0
46,Phi-4-mini 3.8B Instruct,zero-shot,false,false,,,,,0
46,Qwen 2.5 3B Instruct,chain-of-thought,false,true,84.7,28.3,3.9,0.0,0
46,Qwen 2.5 3B Instruct,few-shot,false,true,1020.0,56.0,76.0,50.0,11
46,Qwen 2.5 3B Instruct,structured-output,false,true,165.0,32.675,8.375,0.0,0
46,Qwen 2.5 3B Instruct,zero-shot,false,true,238.6,34.7,9.7,0.0,0
48,Gemma-SEA-LION v4 4B,chain-of-thought,false,true,250.0,8.0,12.0,15.0,7
48,Gemma-SEA-LION v4 4B,few-shot,false,true,300.0,8.0,15.0,12.0,9
48,Gemma-SEA-LION v4 4B,structured-output,false,true,250.0,8.0,12.0,15.0,9
48,Gemma-SEA-LION v4 4B,zero-shot,false,true,250.0,8.0,12.0,20.0,8
48,Llama 3.2 3B Instruct,chain-of-thought,false,true,2400.0,126.5,179.7,599.9,5
48,Llama 3.2 3B Instruct,few-shot,false,true,120.0,2.0,10.0,6.0,5
48,Llama 3.2 3B Instruct,structured-output,false,true,16.0,0.6,0.1,3.9,0
48,Llama 3.2 3B Instruct,zero-shot,false,true,0.0,1.3,0.0,5.4,0
48,MedGemma 4B,chain-of-thought,false,true,250.0,6.0,8.0,25.0,8
48,MedGemma 4B,few-shot,false,true,16.0,1.0,0.5,4.0,0
48,MedGemma 4B,structured-output,false,true,250.0,6.0,6.5,28.0,9
48,MedGemma 4B,zero-shot,false,true,250.0,10.0,8.0,25.0,7
48,Phi-4-mini 3.8B Instruct,chain-of-thought,false,false,,,,,0
48,Phi-4-mini 3.8B Instruct,few-shot,false,false,,,,,0
48,Phi-4-mini 3.8B Instruct,structured-output,false,false,,,,,0
48,Phi-4-mini 3.8B Instruct,zero-shot,false,false,,,,,0
48,Qwen 2.5 3B Instruct,chain-of-thought,false,true,15.0,1.1,0.3,6.4,0
48,Qwen 2.5 3B Instruct,few-shot,false,true,280.0,12.0,25.0,1.0,8
48,Qwen 2.5 3B Instruct,structured-output,false,true,0.0,0.0,0.0,0.0,9
48,Qwen 2.5 3B Instruct,zero-shot,false,true,0.0,0.0,0.0,0.0,8
49,Gemma-SEA-LION v4 4B,chain-of-thought,false,true,80.0,3.0,12.0,9.0,10
49,Gemma-SEA-LION v4 4B,few-shot,false,true,150.0,3.0,16.0,8.0,10
49,Gemma-SEA-LION v4 4B,structured-output,false,true,80.0,3.0,12.0,9.0,10
49,Gemma-SEA-LION v4 4B,zero-shot,false,true,80.0,3.0,12.0,10.0,10
49,Llama 3.2 3B Instruct,chain-of-thought,false,true,16.0,0.5,0.5,3.7,0
49,Llama 3.2 3B Instruct,few-shot,false,true,16.0,0.5,0.2,3.7,0
49,Llama 3.2 3B Instruct,structured-output,false,true,10.0,0.5,0.5,3.0,0
49,Llama 3.2 3B Instruct,zero-shot,false,true,16.0,0.7,0.5,3.5,0
49,MedGemma 4B,chain-of-thought,false,true,50.0,3.0,2.5,7.5,10
49,MedGemma 4B,few-shot,false,true,200.0,5.0,15.0,8.0,10
49,MedGemma 4B,structured-output,false,true,50.0,2.0,2.5,8.0,10
49,MedGemma 4B,zero-shot,false,true,60.0,2.0,2.5,6.0,10
49,Phi-4-mini 3.8B Instruct,chain-of-thought,false,false,,,,,0
49,Phi-4-mini 3.8B Instruct,few-shot,false,false,,,,,0
49,Phi-4-mini 3.8B Instruct,structured-output,false,false,,,,,0
49,Phi-4-mini 3.8B Instruct,zero-shot,false,false,,,,,0
49,Qwen 2.5 3B Instruct,chain-of-thought,false,true,708.0,4.7,45.0,60.0,11
49,Qwen 2.5 3B Instruct,few-shot,false,true,250.0,13.0,21.0,1.0,10
49,Qwen 2.5 3B Instruct,structured-output,false,true,0.0,0.0,0.0,0.0,10
49,Qwen 2.5 3B Instruct,zero-shot,false,true,0.0,0.0,0.0,0.0,8
50,Gemma-SEA-LION v4 4B,chain-of-thought,false,true,500.0,40.0,40.0,10.0,9
50,Gemma-SEA-LION v4 4B,few-shot,false,true,350.0,25.0,28.0,5.0,9
50,Gemma-SEA-LION v4 4B,structured-output,false,true,500.0,40.0,40.0,10.0,9
50,Gemma-SEA-LION v4 4B,zero-shot,false,true,250.0,20.0,20.0,5.0,9
50,Llama 3.2 3B Instruct,chain-of-thought,false,true,960.0,90.0,52.0,45.0,8
50,Llama 3.2 3B Instruct,few-shot,false,true,16.0,1.0,0.0,4.0,0
50,Llama 3.2 3B Instruct,structured-output,false,true,0.0,0.0,0.0,0.0,8
50,Llama 3.2 3B Instruct,zero-shot,false,true,16.0,0.6,0.1,3.7,0
50,MedGemma 4B,chain-of-thought,false,true,350.0,20.0,25.0,10.0,9
50,MedGemma 4B,few-shot,false,true,350.0,25.0,20.0,10.0,8
50,MedGemma 4B,structured-output,false,true,250.0,18.0,12.0,8.0,9
50,MedGemma 4B,zero-shot,false,true,350.0,20.0,25.0,15.0,8
50,Phi-4-mini 3.8B Instruct,chain-of-thought,false,false,,,,,0
50,Phi-4-mini 3.8B Instruct,few-shot,false,false,,,,,0
50,Phi-4-mini 3.8B Instruct,structured-output,false,false,,,,,0
50,Phi-4-mini 3.8B Instruct,zero-shot,false,false,,,,,0
50,Qwen 2.5 3B Instruct,chain-of-thought,false,false,,,,,0
50,Qwen 2.5 3B Instruct,few-shot,false,true,8.0,0.6,0.5,1.7,0
50,Qwen 2.5 3B Instruct,structured-output,false,true,50.78,6.4,4.3,7.59,0
50,Qwen 2.5 3B Instruct,zero-shot,false,true,0.0,0.0,0.0,0.0,3
